image_idx,trialidx,fixations_count,found,sloc_fixation_index,search,distractor
1,1,1,TRUE,-1,0,0
2,2,1,TRUE,-1,0,0
3,3,1,TRUE,-1,0,0
4,4,4,TRUE,-1,0,0
5,5,1,TRUE,-1,0,0
6,6,1,TRUE,-1,0,0
7,7,1,TRUE,-1,0,0
8,8,1,TRUE,-1,0,0
9,9,2,TRUE,-1,0,0
10,10,1,TRUE,-1,0,0
11,11,1,TRUE,-1,0,0
12,12,1,TRUE,-1,0,0
13,13,2,TRUE,-1,0,0
14,14,1,TRUE,-1,0,0
15,15,5,TRUE,-1,0,0
16,16,3,TRUE,-1,0,0
17,17,1,TRUE,-1,0,0
18,18,2,TRUE,-1,0,0
19,19,1,TRUE,-1,0,0
20,20,1,TRUE,-1,0,0
21,21,2,TRUE,-1,0,0
22,22,1,TRUE,-1,0,0
23,23,1,TRUE,-1,0,0
24,24,2,TRUE,-1,0,0
25,25,1,TRUE,-1,0,0
26,26,1,TRUE,-1,0,0
27,27,1,TRUE,-1,0,0
28,28,1,TRUE,-1,0,0
29,29,2,TRUE,-1,0,0
30,30,1,TRUE,-1,0,0
31,31,1,TRUE,-1,0,0
32,32,1,TRUE,-1,0,0
33,33,1,TRUE,-1,0,0
34,34,1,TRUE,-1,0,0
35,35,2,TRUE,-1,0,0
36,36,4,TRUE,-1,0,0
37,37,1,TRUE,-1,0,0
38,38,2,TRUE,-1,0,0
39,39,1,TRUE,-1,0,0
40,40,1,TRUE,-1,0,0
41,41,1,TRUE,-1,0,0
42,42,2,TRUE,-1,0,0
43,43,1,TRUE,-1,0,0
44,44,2,TRUE,-1,0,0
45,45,2,TRUE,-1,0,0
46,46,1,TRUE,-1,0,0
47,47,1,TRUE,-1,0,0
48,48,3,TRUE,-1,0,0
49,49,1,TRUE,-1,0,0
50,50,1,TRUE,-1,0,0
51,51,1,TRUE,-1,0,0
52,52,1,TRUE,-1,0,0
53,53,2,TRUE,-1,0,0
54,54,2,TRUE,-1,0,0
55,55,2,TRUE,-1,0,0
56,56,1,TRUE,-1,0,0
57,57,1,TRUE,-1,0,0
58,58,1,TRUE,-1,0,0
59,59,1,TRUE,-1,0,0
60,60,1,TRUE,-1,0,0
61,61,4,TRUE,-1,0,0
62,62,1,TRUE,-1,0,0
63,63,1,TRUE,-1,0,0
64,64,2,TRUE,-1,0,0
65,65,2,TRUE,-1,0,0
66,66,1,TRUE,-1,0,0
67,67,2,TRUE,-1,0,0
68,68,1,TRUE,-1,0,0
69,69,1,TRUE,-1,0,0
70,70,1,TRUE,-1,0,0
71,71,3,TRUE,-1,0,0
72,72,2,TRUE,-1,0,0
73,73,1,TRUE,-1,0,0
74,74,2,TRUE,-1,0,0
75,75,2,TRUE,-1,0,0
76,76,2,TRUE,-1,0,0
77,77,3,TRUE,-1,0,0
78,78,1,TRUE,-1,0,0
79,79,1,TRUE,-1,0,0
80,80,2,TRUE,-1,0,0
81,81,1,TRUE,-1,0,0
82,82,1,TRUE,-1,0,0
83,83,1,TRUE,-1,0,0
84,84,1,TRUE,-1,0,0
85,85,5,TRUE,-1,0,0
86,86,1,TRUE,-1,0,0
87,87,1,TRUE,-1,0,0
88,88,1,TRUE,-1,0,0
89,89,1,TRUE,-1,0,0
90,90,1,TRUE,-1,0,0
91,91,3,TRUE,-1,0,0
92,92,1,TRUE,-1,0,0
93,93,1,TRUE,-1,0,0
94,94,1,TRUE,-1,0,0
95,95,2,TRUE,-1,0,0
96,96,1,TRUE,-1,0,0
97,97,3,TRUE,-1,0,0
98,98,4,TRUE,-1,0,0
99,99,5,TRUE,-1,0,0
100,100,1,TRUE,-1,0,0
101,101,1,TRUE,-1,0,0
102,102,2,TRUE,-1,0,0
103,103,3,TRUE,-1,0,0
104,104,1,TRUE,-1,0,0
105,105,2,TRUE,-1,0,0
106,106,4,TRUE,-1,0,0
107,107,4,TRUE,-1,0,0
108,108,3,TRUE,-1,0,0
109,109,1,TRUE,-1,0,0
110,110,1,TRUE,-1,0,0
111,111,1,TRUE,-1,0,0
112,112,1,TRUE,-1,0,0
113,113,1,TRUE,-1,0,0
114,114,1,TRUE,-1,0,0
115,115,1,TRUE,-1,0,0
116,116,1,TRUE,-1,0,0
117,117,3,TRUE,-1,0,0
118,118,2,TRUE,-1,0,0
119,119,1,TRUE,-1,0,0
120,120,1,TRUE,-1,0,0
121,121,1,TRUE,-1,0,0
122,122,3,TRUE,-1,0,0
123,123,1,TRUE,-1,0,0
124,124,2,TRUE,-1,0,0
125,125,1,TRUE,-1,0,0
126,126,1,TRUE,-1,0,0
127,127,1,TRUE,-1,0,0
128,128,2,TRUE,-1,0,0
129,129,1,TRUE,-1,0,0
130,130,1,TRUE,-1,0,0
131,131,1,TRUE,-1,0,0
132,132,1,TRUE,-1,0,0
133,133,2,TRUE,-1,0,0
134,134,1,TRUE,-1,0,0
135,135,1,TRUE,-1,0,0
136,136,2,TRUE,-1,0,0
137,137,1,TRUE,-1,0,0
138,138,3,TRUE,-1,0,0
139,139,1,TRUE,-1,0,0
140,140,1,TRUE,-1,0,0
141,141,4,TRUE,-1,0,0
142,142,2,TRUE,-1,0,0
143,143,1,TRUE,-1,0,0
144,144,3,TRUE,-1,0,0
145,145,1,TRUE,-1,0,0
146,146,1,TRUE,-1,0,0
147,147,3,TRUE,-1,0,0
148,148,1,TRUE,-1,0,0
149,149,2,TRUE,-1,0,0
150,150,2,TRUE,-1,0,0
151,151,4,TRUE,-1,0,0
152,152,2,TRUE,-1,0,0
153,153,1,TRUE,-1,0,0
154,154,1,TRUE,-1,0,0
155,155,2,TRUE,-1,0,0
156,156,3,TRUE,-1,0,0
157,157,3,TRUE,-1,0,0
158,158,2,TRUE,-1,0,0
159,159,1,TRUE,-1,0,0
160,160,2,TRUE,-1,0,0
161,161,1,TRUE,-1,0,0
162,162,1,TRUE,-1,0,0
163,163,1,TRUE,-1,0,0
164,164,2,TRUE,-1,0,0
165,165,1,TRUE,-1,0,0
166,166,1,TRUE,-1,0,0
167,167,6,TRUE,-1,0,0
168,168,1,TRUE,-1,0,0
169,169,1,TRUE,-1,0,0
170,170,3,TRUE,-1,0,0
171,171,1,TRUE,-1,0,0
172,172,2,TRUE,-1,0,0
173,173,2,TRUE,-1,0,0
174,174,1,TRUE,-1,0,0
175,175,1,TRUE,-1,0,0
176,176,1,TRUE,-1,0,0
177,177,1,TRUE,-1,0,0
178,178,1,TRUE,-1,0,0
179,179,3,TRUE,-1,0,0
180,180,1,TRUE,-1,0,0
181,181,3,TRUE,-1,0,0
182,182,2,TRUE,-1,0,0
183,183,1,TRUE,-1,0,0
184,184,1,TRUE,-1,0,0
185,185,1,TRUE,-1,0,0
186,186,1,TRUE,-1,0,0
187,187,3,TRUE,-1,0,0
188,188,1,TRUE,-1,0,0
189,189,2,TRUE,-1,0,0
190,190,1,TRUE,-1,0,0
191,191,2,TRUE,-1,0,0
192,192,1,TRUE,-1,0,0
193,193,1,TRUE,-1,0,0
194,194,1,TRUE,-1,0,0
195,195,1,TRUE,-1,0,0
196,196,1,TRUE,-1,0,0
197,197,3,TRUE,-1,0,0
198,198,1,TRUE,-1,0,0
199,199,1,TRUE,-1,0,0
200,200,1,TRUE,-1,0,0
201,201,4,TRUE,-1,0,0
202,202,1,TRUE,-1,0,0
203,203,2,TRUE,-1,0,0
204,204,2,TRUE,-1,0,0
205,205,1,TRUE,-1,0,0
206,206,3,TRUE,-1,0,0
207,207,1,TRUE,-1,0,0
208,208,1,TRUE,-1,0,0
209,209,1,TRUE,-1,0,0
210,210,3,TRUE,-1,0,0
211,211,1,TRUE,-1,0,0
212,212,1,TRUE,-1,0,0
213,213,1,TRUE,-1,0,0
214,214,2,TRUE,-1,0,0
215,215,2,TRUE,-1,0,0
216,216,1,TRUE,-1,0,0
217,217,4,TRUE,-1,0,0
218,218,2,TRUE,-1,0,0
219,219,2,TRUE,-1,0,0
220,220,4,TRUE,-1,0,0
221,221,4,TRUE,-1,0,0
222,222,1,TRUE,-1,0,0
223,223,1,TRUE,-1,0,0
224,224,2,TRUE,-1,0,0
225,225,3,TRUE,-1,0,0
226,226,1,TRUE,-1,0,0
227,227,3,TRUE,-1,0,0
228,228,3,TRUE,-1,0,0
229,229,1,TRUE,-1,0,0
230,230,2,TRUE,-1,0,0
231,231,1,TRUE,-1,0,0
232,232,2,TRUE,-1,0,0
233,233,3,TRUE,-1,0,0
234,234,2,TRUE,-1,0,0
235,235,2,TRUE,-1,0,0
236,236,1,TRUE,-1,0,0
237,237,1,TRUE,-1,0,0
238,238,3,TRUE,-1,0,0
239,239,3,TRUE,-1,0,0
240,240,1,TRUE,-1,0,0
241,241,1,TRUE,-1,0,0
242,242,1,TRUE,-1,0,0
243,243,1,TRUE,-1,0,0
244,244,1,TRUE,-1,0,0
245,245,2,TRUE,-1,0,0
246,246,1,TRUE,-1,0,0
247,247,2,TRUE,-1,0,0
248,248,1,TRUE,-1,0,0
249,249,1,TRUE,-1,0,0
250,250,1,TRUE,-1,0,0
251,251,3,TRUE,-1,0,0
252,252,2,TRUE,-1,0,0
253,253,3,TRUE,-1,0,0
254,254,1,TRUE,-1,0,0
255,255,1,TRUE,-1,0,0
256,256,1,TRUE,-1,0,0
257,257,1,TRUE,-1,0,0
258,258,1,TRUE,-1,0,0
259,259,1,TRUE,-1,0,0
260,260,4,TRUE,-1,0,0
261,261,1,TRUE,-1,0,0
262,262,1,TRUE,-1,0,0
263,263,3,TRUE,-1,0,0
264,264,1,TRUE,-1,0,0
265,265,2,TRUE,-1,0,0
266,266,2,TRUE,-1,0,0
267,267,1,TRUE,-1,0,0
268,268,1,TRUE,-1,0,0
269,269,1,TRUE,-1,0,0
270,270,1,TRUE,-1,0,0
271,271,1,TRUE,-1,0,0
272,272,1,TRUE,-1,0,0
273,273,1,TRUE,-1,0,0
274,274,2,TRUE,-1,0,0
275,275,1,TRUE,-1,0,0
276,276,1,TRUE,-1,0,0
277,277,3,TRUE,-1,0,0
278,278,1,TRUE,-1,0,0
279,279,2,TRUE,-1,0,0
280,280,3,TRUE,-1,0,0
281,281,1,TRUE,-1,0,0
282,282,2,TRUE,-1,0,0
283,283,3,TRUE,-1,0,0
284,284,1,TRUE,-1,0,0
285,285,1,TRUE,-1,0,0
286,286,1,TRUE,-1,0,0
287,287,2,TRUE,-1,0,0
288,288,1,TRUE,-1,0,0
289,289,2,TRUE,-1,0,0
290,290,1,TRUE,-1,0,0
291,291,1,TRUE,-1,0,0
292,292,4,TRUE,-1,0,0
293,293,1,TRUE,-1,0,0
294,294,1,TRUE,-1,0,0
295,295,1,TRUE,-1,0,0
296,296,1,TRUE,-1,0,0
297,297,1,TRUE,-1,0,0
298,298,1,TRUE,-1,0,0
299,299,1,TRUE,-1,0,0
300,300,3,TRUE,-1,0,0
301,301,1,TRUE,-1,0,0
302,302,1,TRUE,-1,0,0
303,303,3,TRUE,-1,0,0
304,304,2,TRUE,-1,0,0
305,305,1,TRUE,-1,0,0
306,306,2,TRUE,-1,0,0
307,307,1,TRUE,-1,0,0
308,308,1,TRUE,-1,0,0
309,309,1,TRUE,-1,0,0
310,310,1,TRUE,-1,0,0
311,311,2,TRUE,-1,0,0
312,312,1,TRUE,-1,0,0
313,313,1,TRUE,-1,0,0
314,314,3,TRUE,-1,0,0
315,315,1,TRUE,-1,0,0
316,316,1,TRUE,-1,0,0
317,317,3,TRUE,-1,0,0
318,318,3,TRUE,-1,0,0
319,319,2,TRUE,-1,0,0
320,320,1,TRUE,-1,0,0
321,321,2,TRUE,-1,0,0
322,322,2,TRUE,-1,0,0
323,323,3,TRUE,-1,0,0
324,324,1,TRUE,-1,0,0
325,325,1,TRUE,-1,0,0
326,326,1,TRUE,-1,0,0
327,327,1,TRUE,-1,0,0
328,328,3,TRUE,-1,0,0
329,329,1,TRUE,-1,0,0
330,330,4,TRUE,-1,0,0
331,331,4,TRUE,-1,0,0
332,332,1,TRUE,-1,0,0
333,333,3,TRUE,-1,0,0
334,334,1,TRUE,-1,0,0
335,335,1,TRUE,-1,0,0
336,336,1,TRUE,-1,0,0
337,337,2,TRUE,-1,0,0
338,338,1,TRUE,-1,0,0
339,339,1,TRUE,-1,0,0
340,340,4,TRUE,-1,0,0
341,341,1,TRUE,-1,0,0
342,342,1,TRUE,-1,0,0
343,343,2,TRUE,-1,0,0
344,344,2,TRUE,-1,0,0
345,345,2,TRUE,-1,0,0
346,346,2,TRUE,-1,0,0
347,347,1,TRUE,-1,0,0
348,348,1,TRUE,-1,0,0
349,349,1,TRUE,-1,0,0
350,350,1,TRUE,-1,0,0
351,351,1,TRUE,-1,0,0
352,352,1,TRUE,-1,0,0
353,353,1,TRUE,-1,0,0
354,354,3,TRUE,-1,0,0
355,355,1,TRUE,-1,0,0
356,356,1,TRUE,-1,0,0
357,357,5,TRUE,-1,0,0
358,358,1,TRUE,-1,0,0
359,359,2,TRUE,-1,0,0
360,360,2,TRUE,-1,0,0
361,361,1,TRUE,-1,0,0
362,362,2,TRUE,-1,0,0
363,363,2,TRUE,-1,0,0
364,364,1,TRUE,-1,0,0
365,365,2,TRUE,-1,0,0
366,366,5,TRUE,-1,0,0
367,367,5,TRUE,-1,0,0
368,368,2,TRUE,-1,0,0
369,369,1,TRUE,-1,0,0
370,370,1,TRUE,-1,0,0
371,371,2,TRUE,-1,0,0
372,372,1,TRUE,-1,0,0
373,373,3,TRUE,-1,0,0
374,374,1,TRUE,-1,0,0
375,375,2,TRUE,-1,0,0
376,376,1,TRUE,-1,0,0
377,377,3,TRUE,-1,0,0
378,378,3,TRUE,-1,0,0
379,379,1,TRUE,-1,0,0
380,380,1,TRUE,-1,0,0
381,381,1,TRUE,-1,0,0
382,382,1,TRUE,-1,0,0
383,383,1,TRUE,-1,0,0
384,384,1,TRUE,-1,0,0
385,385,2,TRUE,-1,0,0
386,386,1,TRUE,-1,0,0
387,387,2,TRUE,-1,0,0
388,388,1,TRUE,-1,0,0
389,389,2,TRUE,-1,0,0
390,390,5,TRUE,-1,0,0
391,391,3,TRUE,-1,0,0
392,392,1,TRUE,-1,0,0
393,393,1,TRUE,-1,0,0
394,394,1,TRUE,-1,0,0
395,395,1,TRUE,-1,0,0
396,396,5,TRUE,-1,0,0
397,397,1,TRUE,-1,0,0
398,398,3,TRUE,-1,0,0
399,399,4,TRUE,-1,0,0
400,400,1,TRUE,-1,0,0
401,401,1,TRUE,-1,0,0
402,402,3,TRUE,-1,0,0
403,403,2,TRUE,-1,0,0
404,404,1,TRUE,-1,0,0
405,405,2,TRUE,-1,0,0
406,406,2,TRUE,-1,0,0
407,407,1,TRUE,-1,0,0
408,408,1,TRUE,-1,0,0
409,409,2,TRUE,-1,0,0
410,410,3,TRUE,-1,0,0
411,411,2,TRUE,-1,0,0
412,412,5,TRUE,-1,0,0
413,413,4,TRUE,-1,0,0
414,414,1,TRUE,-1,0,0
415,415,5,TRUE,-1,0,0
416,416,4,TRUE,-1,0,0
417,417,1,TRUE,-1,0,0
418,418,1,TRUE,-1,0,0
419,419,2,TRUE,-1,0,0
420,420,4,TRUE,-1,0,0
421,421,1,TRUE,-1,0,0
422,422,3,TRUE,-1,0,0
423,423,1,TRUE,-1,0,0
424,424,2,TRUE,-1,0,0
425,425,1,TRUE,-1,0,0
426,426,3,TRUE,-1,0,0
427,427,1,TRUE,-1,0,0
428,428,1,TRUE,-1,0,0
429,429,1,TRUE,-1,0,0
430,430,1,TRUE,-1,0,0
431,431,1,TRUE,-1,0,0
432,432,3,TRUE,-1,0,0
433,433,1,TRUE,-1,0,0
434,434,2,TRUE,-1,0,0
435,435,1,TRUE,-1,0,0
436,436,1,TRUE,-1,0,0
437,437,1,TRUE,-1,0,0
438,438,1,TRUE,-1,0,0
439,439,2,TRUE,-1,0,0
440,440,3,TRUE,-1,0,0
441,441,1,TRUE,-1,0,0
442,442,1,TRUE,-1,0,0
443,443,1,TRUE,-1,0,0
444,444,4,TRUE,-1,0,0
445,445,2,TRUE,-1,0,0
446,446,2,TRUE,-1,0,0
447,447,1,TRUE,-1,0,0
448,448,2,TRUE,-1,0,0
449,449,1,TRUE,-1,0,0
450,450,1,TRUE,-1,0,0
451,451,1,TRUE,-1,0,0
452,452,2,TRUE,-1,0,0
453,453,2,TRUE,-1,0,0
454,454,1,TRUE,-1,0,0
455,455,1,TRUE,-1,0,0
456,456,1,TRUE,-1,0,0
457,457,5,TRUE,-1,0,0
458,458,1,TRUE,-1,0,0
459,459,3,TRUE,-1,0,0
460,460,2,TRUE,-1,0,0
461,461,1,TRUE,-1,0,0
462,462,1,TRUE,-1,0,0
463,463,1,TRUE,-1,0,0
464,464,3,TRUE,-1,0,0
465,465,1,TRUE,-1,0,0
466,466,1,TRUE,-1,0,0
467,467,2,TRUE,-1,0,0
468,468,2,TRUE,-1,0,0
469,469,1,TRUE,-1,0,0
470,470,4,TRUE,-1,0,0
471,471,1,TRUE,-1,0,0
472,472,1,TRUE,-1,0,0
473,473,1,TRUE,-1,0,0
474,474,1,TRUE,-1,0,0
475,475,1,TRUE,-1,0,0
476,476,2,TRUE,-1,0,0
477,477,3,TRUE,-1,0,0
478,478,2,TRUE,-1,0,0
479,479,2,TRUE,-1,0,0
480,480,5,TRUE,-1,0,0
481,481,1,TRUE,-1,0,0
482,482,1,TRUE,-1,0,0
483,483,1,TRUE,-1,0,0
484,484,4,TRUE,-1,0,0
485,485,3,TRUE,-1,0,0
486,486,1,TRUE,-1,0,0
487,487,1,TRUE,-1,0,0
488,488,2,TRUE,-1,0,0
489,489,2,TRUE,-1,0,0
490,490,2,TRUE,-1,0,0
491,491,3,TRUE,-1,0,0
492,492,4,TRUE,-1,0,0
493,493,1,TRUE,-1,0,0
494,494,1,TRUE,-1,0,0
495,495,3,TRUE,-1,0,0
496,496,1,TRUE,-1,0,0
497,497,1,TRUE,-1,0,0
498,498,3,TRUE,-1,0,0
499,499,1,TRUE,-1,0,0
500,500,5,TRUE,-1,0,0
501,501,2,TRUE,-1,0,0
502,502,1,TRUE,-1,0,0
503,503,1,TRUE,-1,0,0
504,504,1,TRUE,-1,0,0
505,505,2,TRUE,-1,0,0
506,506,1,TRUE,-1,0,0
507,507,2,TRUE,-1,0,0
508,508,1,TRUE,-1,0,0
509,509,1,TRUE,-1,0,0
510,510,3,TRUE,-1,0,0
511,511,1,TRUE,-1,0,0
512,512,2,TRUE,-1,0,0
513,513,1,TRUE,-1,0,0
514,514,2,TRUE,-1,0,0
515,515,1,TRUE,-1,0,0
516,516,5,TRUE,-1,0,0
517,517,3,TRUE,-1,0,0
518,518,1,TRUE,-1,0,0
519,519,2,TRUE,-1,0,0
520,520,4,TRUE,-1,0,0
521,521,1,TRUE,-1,0,0
522,522,1,TRUE,-1,0,0
523,523,1,TRUE,-1,0,0
524,524,1,TRUE,-1,0,0
525,525,1,TRUE,-1,0,0
526,526,4,TRUE,-1,0,0
527,527,2,TRUE,-1,0,0
528,528,1,TRUE,-1,0,0
529,529,2,TRUE,-1,0,0
530,530,5,TRUE,-1,0,0
531,531,1,TRUE,-1,0,0
532,532,1,TRUE,-1,0,0
533,533,1,TRUE,-1,0,0
534,534,1,TRUE,-1,0,0
535,535,2,TRUE,-1,0,0
536,536,2,TRUE,-1,0,0
537,537,1,TRUE,-1,0,0
538,538,1,TRUE,-1,0,0
539,539,2,TRUE,-1,0,0
540,540,1,TRUE,-1,0,0
541,541,2,TRUE,-1,0,0
542,542,1,TRUE,-1,0,0
543,543,2,TRUE,-1,0,0
544,544,1,TRUE,-1,0,0
545,545,3,TRUE,-1,0,0
546,546,1,TRUE,-1,0,0
547,547,2,TRUE,-1,0,0
548,548,2,TRUE,-1,0,0
549,549,3,TRUE,-1,0,0
550,550,1,TRUE,-1,0,0
551,551,2,TRUE,-1,0,0
552,552,1,TRUE,-1,0,0
553,553,1,TRUE,-1,0,0
554,554,3,TRUE,-1,0,0
555,555,1,TRUE,-1,0,0
556,556,2,TRUE,-1,0,0
557,557,3,TRUE,-1,0,0
558,558,1,TRUE,-1,0,0
559,559,1,TRUE,-1,0,0
560,560,3,TRUE,-1,0,0
561,561,3,TRUE,-1,0,0
562,562,3,TRUE,-1,0,0
563,563,1,TRUE,-1,0,0
564,564,1,TRUE,-1,0,0
565,565,1,TRUE,-1,0,0
566,566,5,TRUE,-1,0,0
567,567,2,TRUE,-1,0,0
568,568,6,TRUE,-1,0,0
569,569,1,TRUE,-1,0,0
570,570,3,TRUE,-1,0,0
571,571,2,TRUE,-1,0,0
572,572,3,TRUE,-1,0,0
573,573,1,TRUE,-1,0,0
574,574,1,TRUE,-1,0,0
575,575,1,TRUE,-1,0,0
576,576,3,TRUE,-1,0,0
577,577,1,TRUE,-1,0,0
578,578,1,TRUE,-1,0,0
579,579,2,TRUE,-1,0,0
580,580,1,TRUE,-1,0,0
581,581,2,TRUE,-1,0,0
582,582,1,TRUE,-1,0,0
583,583,1,TRUE,-1,0,0
584,584,1,TRUE,-1,0,0
585,585,1,TRUE,-1,0,0
586,586,1,TRUE,-1,0,0
587,587,2,TRUE,-1,0,0
588,588,1,TRUE,-1,0,0
589,589,2,TRUE,-1,0,0
590,590,1,TRUE,-1,0,0
591,591,1,TRUE,-1,0,0
592,592,1,TRUE,-1,0,0
593,593,6,TRUE,-1,0,0
594,594,1,TRUE,-1,0,0
595,595,2,TRUE,-1,0,0
596,596,1,TRUE,-1,0,0
597,597,1,TRUE,-1,0,0
598,598,4,TRUE,-1,0,0
599,599,1,TRUE,-1,0,0
600,600,1,TRUE,-1,0,0
601,601,1,TRUE,-1,0,0
602,602,3,TRUE,-1,0,0
603,603,2,TRUE,-1,0,0
604,604,1,TRUE,-1,0,0
605,605,1,TRUE,-1,0,0
606,606,1,TRUE,-1,0,0
607,607,2,TRUE,-1,0,0
608,608,2,TRUE,-1,0,0
609,609,2,TRUE,-1,0,0
610,610,3,TRUE,-1,0,0
611,611,1,TRUE,-1,0,0
612,612,1,TRUE,-1,0,0
613,613,2,TRUE,-1,0,0
614,614,3,TRUE,-1,0,0
615,615,1,TRUE,-1,0,0
616,616,2,TRUE,-1,0,0
617,617,3,TRUE,-1,0,0
618,618,2,TRUE,-1,0,0
619,619,1,TRUE,-1,0,0
620,620,1,TRUE,-1,0,0
621,621,1,TRUE,-1,0,0
622,622,1,TRUE,-1,0,0
623,623,3,TRUE,-1,0,0
624,624,2,TRUE,-1,0,0
625,625,4,TRUE,-1,0,0
626,626,2,TRUE,-1,0,0
627,627,3,TRUE,-1,0,0
628,628,3,TRUE,-1,0,0
629,629,4,TRUE,-1,0,0
630,630,3,TRUE,-1,0,0
631,631,3,TRUE,-1,0,0
632,632,2,TRUE,-1,0,0
633,633,4,TRUE,-1,0,0
634,634,1,TRUE,-1,0,0
635,635,4,TRUE,-1,0,0
636,636,1,TRUE,-1,0,0
637,637,1,TRUE,-1,0,0
638,638,3,TRUE,-1,0,0
639,639,2,TRUE,-1,0,0
640,640,1,TRUE,-1,0,0
641,641,4,TRUE,-1,0,0
642,642,1,TRUE,-1,0,0
643,643,1,TRUE,-1,0,0
644,644,1,TRUE,-1,0,0
645,645,1,TRUE,-1,0,0
646,646,1,TRUE,-1,0,0
647,647,1,TRUE,-1,0,0
648,648,3,TRUE,-1,0,0
649,649,3,TRUE,-1,0,0
650,650,2,TRUE,-1,0,0
651,651,1,TRUE,-1,0,0
652,652,1,TRUE,-1,0,0
653,653,1,TRUE,-1,0,0
654,654,1,TRUE,-1,0,0
655,655,2,TRUE,-1,0,0
656,656,1,TRUE,-1,0,0
657,657,1,TRUE,-1,0,0
658,658,2,TRUE,-1,0,0
659,659,1,TRUE,-1,0,0
660,660,3,TRUE,-1,0,0
661,661,1,TRUE,-1,0,0
662,662,2,TRUE,-1,0,0
663,663,3,TRUE,-1,0,0
664,664,1,TRUE,-1,0,0
665,665,2,TRUE,-1,0,0
666,666,3,TRUE,-1,0,0
667,667,1,TRUE,-1,0,0
668,668,2,TRUE,-1,0,0
669,669,2,TRUE,-1,0,0
670,670,1,TRUE,-1,0,0
671,671,1,TRUE,-1,0,0
672,672,1,TRUE,-1,0,0
673,673,2,TRUE,-1,0,0
674,674,2,TRUE,-1,0,0
675,675,1,TRUE,-1,0,0
676,676,1,TRUE,-1,0,0
677,677,3,TRUE,-1,0,0
678,678,1,TRUE,-1,0,0
679,679,1,TRUE,-1,0,0
680,680,1,TRUE,-1,0,0
681,681,2,TRUE,-1,0,0
682,682,2,TRUE,-1,0,0
683,683,1,TRUE,-1,0,0
684,684,3,TRUE,-1,0,0
685,685,1,TRUE,-1,0,0
686,686,1,TRUE,-1,0,0
687,687,2,TRUE,-1,0,0
688,688,1,TRUE,-1,0,0
689,689,2,TRUE,-1,0,0
690,690,3,TRUE,-1,0,0
691,691,2,TRUE,-1,0,0
692,692,4,TRUE,-1,0,0
693,693,1,TRUE,-1,0,0
694,694,2,TRUE,-1,0,0
695,695,1,TRUE,-1,0,0
696,696,3,TRUE,-1,0,0
697,697,1,TRUE,-1,0,0
698,698,2,TRUE,-1,0,0
699,699,3,TRUE,-1,0,0
700,700,1,TRUE,-1,0,0
701,701,3,TRUE,-1,0,0
702,702,1,TRUE,-1,0,0
703,703,1,TRUE,-1,0,0
704,704,1,TRUE,-1,0,0
705,705,1,TRUE,-1,0,0
706,706,2,TRUE,-1,0,0
707,707,1,TRUE,-1,0,0
708,708,4,TRUE,-1,0,0
709,709,1,TRUE,-1,0,0
710,710,2,TRUE,-1,0,0
711,711,2,TRUE,-1,0,0
712,712,2,TRUE,-1,0,0
713,713,5,TRUE,-1,0,0
714,714,4,TRUE,-1,0,0
715,715,2,TRUE,-1,0,0
716,716,1,TRUE,-1,0,0
717,717,1,TRUE,-1,0,0
718,718,2,TRUE,-1,0,0
719,719,2,TRUE,-1,0,0
720,720,1,TRUE,-1,0,0
721,721,5,TRUE,-1,1,0
722,722,6,TRUE,-1,1,0
723,723,5,TRUE,-1,1,0
724,724,4,TRUE,-1,1,0
725,725,4,TRUE,-1,1,0
726,726,4,TRUE,-1,1,0
727,727,6,TRUE,-1,1,0
728,728,6,TRUE,-1,1,0
729,729,4,TRUE,-1,1,0
730,730,3,TRUE,-1,1,0
731,731,6,TRUE,-1,1,0
732,732,5,TRUE,-1,1,0
733,733,6,TRUE,-1,1,0
734,734,5,TRUE,-1,1,0
735,735,2,TRUE,-1,1,0
736,736,5,TRUE,-1,1,0
737,737,2,TRUE,-1,1,0
738,738,4,TRUE,-1,1,0
739,739,3,TRUE,-1,1,0
740,740,3,TRUE,-1,1,0
741,741,4,TRUE,-1,1,0
742,742,6,TRUE,-1,1,0
743,743,5,TRUE,-1,1,0
744,744,2,TRUE,-1,1,0
745,745,5,TRUE,-1,1,0
746,746,3,TRUE,-1,1,0
747,747,5,TRUE,-1,1,0
748,748,3,TRUE,-1,1,0
749,749,3,TRUE,-1,1,0
750,750,2,TRUE,-1,1,0
751,751,5,TRUE,-1,1,0
752,752,5,TRUE,-1,1,0
753,753,3,TRUE,-1,1,0
754,754,6,TRUE,-1,1,0
755,755,4,TRUE,-1,1,0
756,756,6,TRUE,-1,1,0
757,757,4,TRUE,-1,1,0
758,758,3,TRUE,-1,1,0
759,759,4,TRUE,-1,1,0
760,760,3,TRUE,-1,1,0
761,761,5,TRUE,-1,1,0
762,762,3,TRUE,-1,1,0
763,763,4,TRUE,-1,1,0
764,764,4,TRUE,-1,1,0
765,765,6,TRUE,-1,1,0
766,766,3,TRUE,-1,1,0
767,767,5,TRUE,-1,1,0
768,768,5,TRUE,-1,1,0
769,769,2,TRUE,-1,1,0
770,770,5,TRUE,-1,1,0
771,771,4,TRUE,-1,1,0
772,772,3,TRUE,-1,1,0
773,773,4,TRUE,-1,1,0
774,774,6,TRUE,-1,1,0
775,775,1,TRUE,-1,1,0
776,776,3,TRUE,-1,1,0
777,777,5,TRUE,-1,1,0
778,778,5,TRUE,-1,1,0
779,779,5,TRUE,-1,1,0
780,780,3,TRUE,-1,1,0
781,781,6,TRUE,-1,1,0
782,782,4,TRUE,-1,1,0
783,783,1,TRUE,-1,1,0
784,784,4,TRUE,-1,1,0
785,785,5,TRUE,-1,1,0
786,786,4,TRUE,-1,1,0
787,787,3,TRUE,-1,1,0
788,788,3,TRUE,-1,1,0
789,789,3,TRUE,-1,1,0
790,790,4,TRUE,-1,1,0
791,791,1,TRUE,-1,1,0
792,792,2,TRUE,-1,1,0
793,793,6,TRUE,-1,1,0
794,794,3,TRUE,-1,1,0
795,795,3,TRUE,-1,1,0
796,796,1,TRUE,-1,1,0
797,797,2,TRUE,-1,1,0
798,798,2,TRUE,-1,1,0
799,799,4,TRUE,-1,1,0
800,800,4,TRUE,-1,1,0
801,801,5,TRUE,-1,1,0
802,802,4,TRUE,-1,1,0
803,803,3,TRUE,-1,1,0
804,804,5,TRUE,-1,1,0
805,805,3,TRUE,-1,1,0
806,806,4,TRUE,-1,1,0
807,807,2,TRUE,-1,1,0
808,808,6,TRUE,-1,1,0
809,809,5,TRUE,-1,1,0
810,810,3,TRUE,-1,1,0
811,811,3,TRUE,-1,1,0
812,812,3,TRUE,-1,1,0
813,813,4,TRUE,-1,1,0
814,814,3,TRUE,-1,1,0
815,815,6,TRUE,-1,1,0
816,816,3,TRUE,-1,1,0
817,817,5,TRUE,-1,1,0
818,818,1,TRUE,-1,1,0
819,819,2,TRUE,-1,1,0
820,820,2,TRUE,-1,1,0
821,821,4,TRUE,-1,1,0
822,822,5,TRUE,-1,1,0
823,823,2,TRUE,-1,1,0
824,824,3,TRUE,-1,1,0
825,825,2,TRUE,-1,1,0
826,826,2,TRUE,-1,1,0
827,827,3,TRUE,-1,1,0
828,828,3,TRUE,-1,1,0
829,829,6,TRUE,-1,1,0
830,830,5,TRUE,-1,1,0
831,831,2,TRUE,-1,1,0
832,832,2,TRUE,-1,1,0
833,833,4,TRUE,-1,1,0
834,834,3,TRUE,-1,1,0
835,835,2,TRUE,-1,1,0
836,836,2,TRUE,-1,1,0
837,837,5,TRUE,-1,1,0
838,838,6,TRUE,-1,1,0
839,839,4,TRUE,-1,1,0
840,840,2,TRUE,-1,1,0
841,841,6,TRUE,-1,1,0
842,842,6,TRUE,-1,1,0
843,843,2,TRUE,-1,1,0
844,844,2,TRUE,-1,1,0
845,845,4,TRUE,-1,1,0
846,846,3,TRUE,-1,1,0
847,847,2,TRUE,-1,1,0
848,848,5,TRUE,-1,1,0
849,849,5,TRUE,-1,1,0
850,850,4,TRUE,-1,1,0
851,851,4,TRUE,-1,1,0
852,852,5,TRUE,-1,1,0
853,853,6,TRUE,-1,1,0
854,854,4,TRUE,-1,1,0
855,855,4,TRUE,-1,1,0
856,856,3,TRUE,-1,1,0
857,857,3,TRUE,-1,1,0
858,858,2,TRUE,-1,1,0
859,859,4,TRUE,-1,1,0
860,860,5,TRUE,-1,1,0
861,861,3,TRUE,-1,1,0
862,862,4,TRUE,-1,1,0
863,863,3,TRUE,-1,1,0
864,864,2,TRUE,-1,1,0
865,865,5,TRUE,-1,1,0
866,866,3,TRUE,-1,1,0
867,867,2,TRUE,-1,1,0
868,868,3,TRUE,-1,1,0
869,869,5,TRUE,-1,1,0
870,870,3,TRUE,-1,1,0
871,871,6,TRUE,-1,1,0
872,872,3,TRUE,-1,1,0
873,873,6,TRUE,-1,1,0
874,874,4,TRUE,-1,1,0
875,875,4,TRUE,-1,1,0
876,876,4,TRUE,-1,1,0
877,877,2,TRUE,-1,1,0
878,878,4,TRUE,-1,1,0
879,879,5,TRUE,-1,1,0
880,880,3,TRUE,-1,1,0
881,881,5,TRUE,-1,1,0
882,882,6,TRUE,-1,1,0
883,883,2,TRUE,-1,1,0
884,884,2,TRUE,-1,1,0
885,885,1,TRUE,-1,1,0
886,886,6,TRUE,-1,1,0
887,887,1,TRUE,-1,1,0
888,888,4,TRUE,-1,1,0
889,889,5,TRUE,-1,1,0
890,890,2,TRUE,-1,1,0
891,891,4,TRUE,-1,1,0
892,892,3,TRUE,-1,1,0
893,893,3,TRUE,-1,1,0
894,894,3,TRUE,-1,1,0
895,895,5,TRUE,-1,1,0
896,896,6,TRUE,-1,1,0
897,897,2,TRUE,-1,1,0
898,898,4,TRUE,-1,1,0
899,899,6,TRUE,-1,1,0
900,900,5,TRUE,-1,1,0
901,901,1,TRUE,-1,1,0
902,902,4,TRUE,-1,1,0
903,903,3,TRUE,-1,1,0
904,904,5,TRUE,-1,1,0
905,905,1,TRUE,-1,1,0
906,906,4,TRUE,-1,1,0
907,907,3,TRUE,-1,1,0
908,908,4,TRUE,-1,1,0
909,909,6,TRUE,-1,1,0
910,910,3,TRUE,-1,1,0
911,911,3,TRUE,-1,1,0
912,912,4,TRUE,-1,1,0
913,913,6,TRUE,-1,1,0
914,914,6,TRUE,-1,1,0
915,915,4,TRUE,-1,1,0
916,916,6,TRUE,-1,1,0
917,917,2,TRUE,-1,1,0
918,918,5,TRUE,-1,1,0
919,919,4,TRUE,-1,1,0
920,920,6,TRUE,-1,1,0
921,921,4,TRUE,-1,1,0
922,922,5,TRUE,-1,1,0
923,923,4,TRUE,-1,1,0
924,924,2,TRUE,-1,1,0
925,925,6,TRUE,-1,1,0
926,926,5,TRUE,-1,1,0
927,927,6,TRUE,-1,1,0
928,928,4,TRUE,-1,1,0
929,929,6,TRUE,-1,1,0
930,930,6,TRUE,-1,1,0
931,931,2,TRUE,-1,1,0
932,932,6,TRUE,-1,1,0
933,933,6,TRUE,-1,1,0
934,934,5,TRUE,-1,1,0
935,935,4,TRUE,-1,1,0
936,936,5,TRUE,-1,1,0
937,937,3,TRUE,-1,1,0
938,938,3,TRUE,-1,1,0
939,939,6,TRUE,-1,1,0
940,940,3,TRUE,-1,1,0
941,941,6,TRUE,-1,1,0
942,942,5,TRUE,-1,1,0
943,943,2,TRUE,-1,1,0
944,944,6,TRUE,-1,1,0
945,945,6,TRUE,-1,1,0
946,946,4,TRUE,-1,1,0
947,947,6,TRUE,-1,1,0
948,948,5,TRUE,-1,1,0
949,949,5,TRUE,-1,1,0
950,950,6,TRUE,-1,1,0
951,951,5,TRUE,-1,1,0
952,952,3,TRUE,-1,1,0
953,953,4,TRUE,-1,1,0
954,954,6,TRUE,-1,1,0
955,955,4,TRUE,-1,1,0
956,956,3,TRUE,-1,1,0
957,957,4,TRUE,-1,1,0
958,958,3,TRUE,-1,1,0
959,959,6,TRUE,-1,1,0
960,960,6,TRUE,-1,1,0
961,961,6,TRUE,-1,1,0
962,962,6,TRUE,-1,1,0
963,963,3,TRUE,-1,1,0
964,964,2,TRUE,-1,1,0
965,965,2,TRUE,-1,1,0
966,966,4,TRUE,-1,1,0
967,967,5,TRUE,-1,1,0
968,968,5,TRUE,-1,1,0
969,969,5,TRUE,-1,1,0
970,970,2,TRUE,-1,1,0
971,971,6,TRUE,-1,1,0
972,972,5,TRUE,-1,1,0
973,973,2,TRUE,-1,1,0
974,974,2,TRUE,-1,1,0
975,975,4,TRUE,-1,1,0
976,976,5,TRUE,-1,1,0
977,977,3,TRUE,-1,1,0
978,978,5,TRUE,-1,1,0
979,979,3,TRUE,-1,1,0
980,980,2,TRUE,-1,1,0
981,981,4,TRUE,-1,1,0
982,982,5,TRUE,-1,1,0
983,983,3,TRUE,-1,1,0
984,984,5,TRUE,-1,1,0
985,985,4,TRUE,-1,1,0
986,986,5,TRUE,-1,1,0
987,987,5,TRUE,-1,1,0
988,988,2,TRUE,-1,1,0
989,989,5,TRUE,-1,1,0
990,990,5,TRUE,-1,1,0
991,991,5,TRUE,-1,1,0
992,992,6,TRUE,-1,1,0
993,993,4,TRUE,-1,1,0
994,994,2,TRUE,-1,1,0
995,995,3,TRUE,-1,1,0
996,996,4,TRUE,-1,1,0
997,997,5,TRUE,-1,1,0
998,998,6,TRUE,-1,1,0
999,999,2,TRUE,-1,1,0
1000,1000,2,TRUE,-1,1,0
1001,1001,5,TRUE,-1,1,0
1002,1002,3,TRUE,-1,1,0
1003,1003,3,TRUE,-1,1,0
1004,1004,6,TRUE,-1,1,0
1005,1005,6,TRUE,-1,1,0
1006,1006,3,TRUE,-1,1,0
1007,1007,6,TRUE,-1,1,0
1008,1008,2,TRUE,-1,1,0
1009,1009,5,TRUE,-1,1,0
1010,1010,4,TRUE,-1,1,0
1011,1011,4,TRUE,-1,1,0
1012,1012,5,TRUE,-1,1,0
1013,1013,6,TRUE,-1,1,0
1014,1014,3,TRUE,-1,1,0
1015,1015,3,TRUE,-1,1,0
1016,1016,3,TRUE,-1,1,0
1017,1017,4,TRUE,-1,1,0
1018,1018,6,TRUE,-1,1,0
1019,1019,6,TRUE,-1,1,0
1020,1020,3,TRUE,-1,1,0
1021,1021,4,TRUE,-1,1,0
1022,1022,6,TRUE,-1,1,0
1023,1023,6,TRUE,-1,1,0
1024,1024,5,TRUE,-1,1,0
1025,1025,4,TRUE,-1,1,0
1026,1026,3,TRUE,-1,1,0
1027,1027,5,TRUE,-1,1,0
1028,1028,1,TRUE,-1,1,0
1029,1029,3,TRUE,-1,1,0
1030,1030,4,TRUE,-1,1,0
1031,1031,3,TRUE,-1,1,0
1032,1032,6,TRUE,-1,1,0
1033,1033,3,TRUE,-1,1,0
1034,1034,6,TRUE,-1,1,0
1035,1035,5,TRUE,-1,1,0
1036,1036,6,TRUE,-1,1,0
1037,1037,4,TRUE,-1,1,0
1038,1038,2,TRUE,-1,1,0
1039,1039,4,TRUE,-1,1,0
1040,1040,3,TRUE,-1,1,0
1041,1041,2,TRUE,-1,1,0
1042,1042,6,TRUE,-1,1,0
1043,1043,5,TRUE,-1,1,0
1044,1044,4,TRUE,-1,1,0
1045,1045,4,TRUE,-1,1,0
1046,1046,3,TRUE,-1,1,0
1047,1047,5,TRUE,-1,1,0
1048,1048,3,TRUE,-1,1,0
1049,1049,3,TRUE,-1,1,0
1050,1050,6,TRUE,-1,1,0
1051,1051,4,TRUE,-1,1,0
1052,1052,6,TRUE,-1,1,0
1053,1053,4,TRUE,-1,1,0
1054,1054,3,TRUE,-1,1,0
1055,1055,2,TRUE,-1,1,0
1056,1056,4,TRUE,-1,1,0
1057,1057,6,TRUE,-1,1,0
1058,1058,3,TRUE,-1,1,0
1059,1059,4,TRUE,-1,1,0
1060,1060,6,TRUE,-1,1,0
1061,1061,2,TRUE,-1,1,0
1062,1062,4,TRUE,-1,1,0
1063,1063,4,TRUE,-1,1,0
1064,1064,6,TRUE,-1,1,0
1065,1065,3,TRUE,-1,1,0
1066,1066,4,TRUE,-1,1,0
1067,1067,6,TRUE,-1,1,0
1068,1068,4,TRUE,-1,1,0
1069,1069,2,TRUE,-1,1,0
1070,1070,3,TRUE,-1,1,0
1071,1071,6,TRUE,-1,1,0
1072,1072,4,TRUE,-1,1,0
1073,1073,2,TRUE,-1,1,0
1074,1074,6,TRUE,-1,1,0
1075,1075,3,TRUE,-1,1,0
1076,1076,3,TRUE,-1,1,0
1077,1077,6,TRUE,-1,1,0
1078,1078,4,TRUE,-1,1,0
1079,1079,6,TRUE,-1,1,0
1080,1080,4,TRUE,-1,1,0
1081,1081,3,TRUE,-1,1,0
1082,1082,4,TRUE,-1,1,0
1083,1083,3,TRUE,-1,1,0
1084,1084,2,TRUE,-1,1,0
1085,1085,3,TRUE,-1,1,0
1086,1086,4,TRUE,-1,1,0
1087,1087,1,TRUE,-1,1,0
1088,1088,3,TRUE,-1,1,0
1089,1089,6,TRUE,-1,1,0
1090,1090,6,TRUE,-1,1,0
1091,1091,2,TRUE,-1,1,0
1092,1092,2,TRUE,-1,1,0
1093,1093,4,TRUE,-1,1,0
1094,1094,5,TRUE,-1,1,0
1095,1095,2,TRUE,-1,1,0
1096,1096,4,TRUE,-1,1,0
1097,1097,2,TRUE,-1,1,0
1098,1098,1,TRUE,-1,1,0
1099,1099,4,TRUE,-1,1,0
1100,1100,6,TRUE,-1,1,0
1101,1101,1,TRUE,-1,1,0
1102,1102,4,TRUE,-1,1,0
1103,1103,4,TRUE,-1,1,0
1104,1104,6,TRUE,-1,1,0
1105,1105,1,TRUE,-1,1,0
1106,1106,6,TRUE,-1,1,0
1107,1107,5,TRUE,-1,1,0
1108,1108,1,TRUE,-1,1,0
1109,1109,6,TRUE,-1,1,0
1110,1110,4,TRUE,-1,1,0
1111,1111,6,TRUE,-1,1,0
1112,1112,6,TRUE,-1,1,0
1113,1113,3,TRUE,-1,1,0
1114,1114,3,TRUE,-1,1,0
1115,1115,3,TRUE,-1,1,0
1116,1116,5,TRUE,-1,1,0
1117,1117,6,TRUE,-1,1,0
1118,1118,2,TRUE,-1,1,0
1119,1119,1,TRUE,-1,1,0
1120,1120,6,TRUE,-1,1,0
1121,1121,6,TRUE,-1,1,0
1122,1122,6,TRUE,-1,1,0
1123,1123,1,TRUE,-1,1,0
1124,1124,5,TRUE,-1,1,0
1125,1125,2,TRUE,-1,1,0
1126,1126,2,TRUE,-1,1,0
1127,1127,6,TRUE,-1,1,0
1128,1128,3,TRUE,-1,1,0
1129,1129,5,TRUE,-1,1,0
1130,1130,6,TRUE,-1,1,0
1131,1131,3,TRUE,-1,1,0
1132,1132,6,TRUE,-1,1,0
1133,1133,4,TRUE,-1,1,0
1134,1134,1,TRUE,-1,1,0
1135,1135,1,TRUE,-1,1,0
1136,1136,2,TRUE,-1,1,0
1137,1137,4,TRUE,-1,1,0
1138,1138,5,TRUE,-1,1,0
1139,1139,3,TRUE,-1,1,0
1140,1140,3,TRUE,-1,1,0
1141,1141,4,TRUE,-1,1,0
1142,1142,2,TRUE,-1,1,0
1143,1143,3,TRUE,-1,1,0
1144,1144,4,TRUE,-1,1,0
1145,1145,3,TRUE,-1,1,0
1146,1146,6,TRUE,-1,1,0
1147,1147,4,TRUE,-1,1,0
1148,1148,4,TRUE,-1,1,0
1149,1149,6,TRUE,-1,1,0
1150,1150,2,TRUE,-1,1,0
1151,1151,3,TRUE,-1,1,0
1152,1152,6,TRUE,-1,1,0
1153,1153,3,TRUE,-1,1,0
1154,1154,4,TRUE,-1,1,0
1155,1155,5,TRUE,-1,1,0
1156,1156,6,TRUE,-1,1,0
1157,1157,6,TRUE,-1,1,0
1158,1158,5,TRUE,-1,1,0
1159,1159,4,TRUE,-1,1,0
1160,1160,6,TRUE,-1,1,0
1161,1161,2,TRUE,-1,1,0
1162,1162,5,TRUE,-1,1,0
1163,1163,4,TRUE,-1,1,0
1164,1164,2,TRUE,-1,1,0
1165,1165,6,TRUE,-1,1,0
1166,1166,5,TRUE,-1,1,0
1167,1167,6,TRUE,-1,1,0
1168,1168,3,TRUE,-1,1,0
1169,1169,2,TRUE,-1,1,0
1170,1170,2,TRUE,-1,1,0
1171,1171,3,TRUE,-1,1,0
1172,1172,3,TRUE,-1,1,0
1173,1173,6,TRUE,-1,1,0
1174,1174,6,TRUE,-1,1,0
1175,1175,2,TRUE,-1,1,0
1176,1176,5,TRUE,-1,1,0
1177,1177,3,TRUE,-1,1,0
1178,1178,5,TRUE,-1,1,0
1179,1179,1,TRUE,-1,1,0
1180,1180,5,TRUE,-1,1,0
1181,1181,6,TRUE,-1,1,0
1182,1182,2,TRUE,-1,1,0
1183,1183,3,TRUE,-1,1,0
1184,1184,2,TRUE,-1,1,0
1185,1185,2,TRUE,-1,1,0
1186,1186,3,TRUE,-1,1,0
1187,1187,6,TRUE,-1,1,0
1188,1188,2,TRUE,-1,1,0
1189,1189,3,TRUE,-1,1,0
1190,1190,4,TRUE,-1,1,0
1191,1191,4,TRUE,-1,1,0
1192,1192,4,TRUE,-1,1,0
1193,1193,6,TRUE,-1,1,0
1194,1194,2,TRUE,-1,1,0
1195,1195,1,TRUE,-1,1,0
1196,1196,3,TRUE,-1,1,0
1197,1197,5,TRUE,-1,1,0
1198,1198,6,TRUE,-1,1,0
1199,1199,1,TRUE,-1,1,0
1200,1200,6,TRUE,-1,1,0
1201,1201,6,TRUE,-1,1,0
1202,1202,5,TRUE,-1,1,0
1203,1203,4,TRUE,-1,1,0
1204,1204,5,TRUE,-1,1,0
1205,1205,2,TRUE,-1,1,0
1206,1206,3,TRUE,-1,1,0
1207,1207,2,TRUE,-1,1,0
1208,1208,3,TRUE,-1,1,0
1209,1209,4,TRUE,-1,1,0
1210,1210,3,TRUE,-1,1,0
1211,1211,3,TRUE,-1,1,0
1212,1212,6,TRUE,-1,1,0
1213,1213,6,TRUE,-1,1,0
1214,1214,3,TRUE,-1,1,0
1215,1215,3,TRUE,-1,1,0
1216,1216,3,TRUE,-1,1,0
1217,1217,3,TRUE,-1,1,0
1218,1218,6,TRUE,-1,1,0
1219,1219,5,TRUE,-1,1,0
1220,1220,5,TRUE,-1,1,0
1221,1221,6,TRUE,-1,1,0
1222,1222,2,TRUE,-1,1,0
1223,1223,3,TRUE,-1,1,0
1224,1224,2,TRUE,-1,1,0
1225,1225,3,TRUE,-1,1,0
1226,1226,4,TRUE,-1,1,0
1227,1227,2,TRUE,-1,1,0
1228,1228,3,TRUE,-1,1,0
1229,1229,2,TRUE,-1,1,0
1230,1230,6,TRUE,-1,1,0
1231,1231,3,TRUE,-1,1,0
1232,1232,2,TRUE,-1,1,0
1233,1233,6,TRUE,-1,1,0
1234,1234,5,TRUE,-1,1,0
1235,1235,2,TRUE,-1,1,0
1236,1236,6,TRUE,-1,1,0
1237,1237,3,TRUE,-1,1,0
1238,1238,3,TRUE,-1,1,0
1239,1239,5,TRUE,-1,1,0
1240,1240,3,TRUE,-1,1,0
1241,1241,5,TRUE,-1,1,0
1242,1242,4,TRUE,-1,1,0
1243,1243,6,TRUE,-1,1,0
1244,1244,6,TRUE,-1,1,0
1245,1245,5,TRUE,-1,1,0
1246,1246,1,TRUE,-1,1,0
1247,1247,4,TRUE,-1,1,0
1248,1248,3,TRUE,-1,1,0
1249,1249,2,TRUE,-1,1,0
1250,1250,4,TRUE,-1,1,0
1251,1251,6,TRUE,-1,1,0
1252,1252,3,TRUE,-1,1,0
1253,1253,4,TRUE,-1,1,0
1254,1254,6,TRUE,-1,1,0
1255,1255,2,TRUE,-1,1,0
1256,1256,3,TRUE,-1,1,0
1257,1257,4,TRUE,-1,1,0
1258,1258,3,TRUE,-1,1,0
1259,1259,1,TRUE,-1,1,0
1260,1260,6,TRUE,-1,1,0
1261,1261,6,TRUE,-1,1,0
1262,1262,4,TRUE,-1,1,0
1263,1263,6,TRUE,-1,1,0
1264,1264,3,TRUE,-1,1,0
1265,1265,4,TRUE,-1,1,0
1266,1266,6,TRUE,-1,1,0
1267,1267,2,TRUE,-1,1,0
1268,1268,3,TRUE,-1,1,0
1269,1269,4,TRUE,-1,1,0
1270,1270,2,TRUE,-1,1,0
1271,1271,6,TRUE,-1,1,0
1272,1272,4,TRUE,-1,1,0
1273,1273,3,TRUE,-1,1,0
1274,1274,5,TRUE,-1,1,0
1275,1275,2,TRUE,-1,1,0
1276,1276,6,TRUE,-1,1,0
1277,1277,3,TRUE,-1,1,0
1278,1278,4,TRUE,-1,1,0
1279,1279,6,TRUE,-1,1,0
1280,1280,3,TRUE,-1,1,0
1281,1281,3,TRUE,-1,1,0
1282,1282,5,TRUE,-1,1,0
1283,1283,4,TRUE,-1,1,0
1284,1284,5,TRUE,-1,1,0
1285,1285,2,TRUE,-1,1,0
1286,1286,2,TRUE,-1,1,0
1287,1287,4,TRUE,-1,1,0
1288,1288,3,TRUE,-1,1,0
1289,1289,5,TRUE,-1,1,0
1290,1290,4,TRUE,-1,1,0
1291,1291,3,TRUE,-1,1,0
1292,1292,2,TRUE,-1,1,0
1293,1293,6,TRUE,-1,1,0
1294,1294,5,TRUE,-1,1,0
1295,1295,5,TRUE,-1,1,0
1296,1296,1,TRUE,-1,1,0
1297,1297,2,TRUE,-1,1,0
1298,1298,3,TRUE,-1,1,0
1299,1299,6,TRUE,-1,1,0
1300,1300,3,TRUE,-1,1,0
1301,1301,1,TRUE,-1,1,0
1302,1302,5,TRUE,-1,1,0
1303,1303,5,TRUE,-1,1,0
1304,1304,3,TRUE,-1,1,0
1305,1305,6,TRUE,-1,1,0
1306,1306,3,TRUE,-1,1,0
1307,1307,4,TRUE,-1,1,0
1308,1308,2,TRUE,-1,1,0
1309,1309,6,TRUE,-1,1,0
1310,1310,2,TRUE,-1,1,0
1311,1311,2,TRUE,-1,1,0
1312,1312,1,TRUE,-1,1,0
1313,1313,4,TRUE,-1,1,0
1314,1314,4,TRUE,-1,1,0
1315,1315,5,TRUE,-1,1,0
1316,1316,5,TRUE,-1,1,0
1317,1317,4,TRUE,-1,1,0
1318,1318,3,TRUE,-1,1,0
1319,1319,5,TRUE,-1,1,0
1320,1320,5,TRUE,-1,1,0
1321,1321,6,TRUE,-1,1,0
1322,1322,2,TRUE,-1,1,0
1323,1323,5,TRUE,-1,1,0
1324,1324,5,TRUE,-1,1,0
1325,1325,5,TRUE,-1,1,0
1326,1326,4,TRUE,-1,1,0
1327,1327,5,TRUE,-1,1,0
1328,1328,2,TRUE,-1,1,0
1329,1329,3,TRUE,-1,1,0
1330,1330,3,TRUE,-1,1,0
1331,1331,3,TRUE,-1,1,0
1332,1332,3,TRUE,-1,1,0
1333,1333,5,TRUE,-1,1,0
1334,1334,3,TRUE,-1,1,0
1335,1335,3,TRUE,-1,1,0
1336,1336,6,TRUE,-1,1,0
1337,1337,3,TRUE,-1,1,0
1338,1338,6,TRUE,-1,1,0
1339,1339,3,TRUE,-1,1,0
1340,1340,2,TRUE,-1,1,0
1341,1341,3,TRUE,-1,1,0
1342,1342,3,TRUE,-1,1,0
1343,1343,5,TRUE,-1,1,0
1344,1344,2,TRUE,-1,1,0
1345,1345,6,TRUE,-1,1,0
1346,1346,5,TRUE,-1,1,0
1347,1347,2,TRUE,-1,1,0
1348,1348,6,TRUE,-1,1,0
1349,1349,4,TRUE,-1,1,0
1350,1350,3,TRUE,-1,1,0
1351,1351,5,TRUE,-1,1,0
1352,1352,4,TRUE,-1,1,0
1353,1353,3,TRUE,-1,1,0
1354,1354,3,TRUE,-1,1,0
1355,1355,3,TRUE,-1,1,0
1356,1356,5,TRUE,-1,1,0
1357,1357,6,TRUE,-1,1,0
1358,1358,4,TRUE,-1,1,0
1359,1359,6,TRUE,-1,1,0
1360,1360,3,TRUE,-1,1,0
1361,1361,3,TRUE,-1,1,0
1362,1362,2,TRUE,-1,1,0
1363,1363,6,TRUE,-1,1,0
1364,1364,2,TRUE,-1,1,0
1365,1365,2,TRUE,-1,1,0
1366,1366,4,TRUE,-1,1,0
1367,1367,5,TRUE,-1,1,0
1368,1368,5,TRUE,-1,1,0
1369,1369,3,TRUE,-1,1,0
1370,1370,5,TRUE,-1,1,0
1371,1371,4,TRUE,-1,1,0
1372,1372,3,TRUE,-1,1,0
1373,1373,6,TRUE,-1,1,0
1374,1374,6,TRUE,-1,1,0
1375,1375,2,TRUE,-1,1,0
1376,1376,2,TRUE,-1,1,0
1377,1377,2,TRUE,-1,1,0
1378,1378,3,TRUE,-1,1,0
1379,1379,6,TRUE,-1,1,0
1380,1380,3,TRUE,-1,1,0
1381,1381,5,TRUE,-1,1,0
1382,1382,6,TRUE,-1,1,0
1383,1383,2,TRUE,-1,1,0
1384,1384,2,TRUE,-1,1,0
1385,1385,5,TRUE,-1,1,0
1386,1386,5,TRUE,-1,1,0
1387,1387,3,TRUE,-1,1,0
1388,1388,5,TRUE,-1,1,0
1389,1389,4,TRUE,-1,1,0
1390,1390,4,TRUE,-1,1,0
1391,1391,3,TRUE,-1,1,0
1392,1392,2,TRUE,-1,1,0
1393,1393,3,TRUE,-1,1,0
1394,1394,6,TRUE,-1,1,0
1395,1395,3,TRUE,-1,1,0
1396,1396,4,TRUE,-1,1,0
1397,1397,4,TRUE,-1,1,0
1398,1398,3,TRUE,-1,1,0
1399,1399,1,TRUE,-1,1,0
1400,1400,3,TRUE,-1,1,0
1401,1401,6,TRUE,-1,1,0
1402,1402,4,TRUE,-1,1,0
1403,1403,3,TRUE,-1,1,0
1404,1404,4,TRUE,-1,1,0
1405,1405,4,TRUE,-1,1,0
1406,1406,6,TRUE,-1,1,0
1407,1407,6,TRUE,-1,1,0
1408,1408,3,TRUE,-1,1,0
1409,1409,5,TRUE,-1,1,0
1410,1410,3,TRUE,-1,1,0
1411,1411,6,TRUE,-1,1,0
1412,1412,4,TRUE,-1,1,0
1413,1413,2,TRUE,-1,1,0
1414,1414,1,TRUE,-1,1,0
1415,1415,3,TRUE,-1,1,0
1416,1416,6,TRUE,-1,1,0
1417,1417,3,TRUE,-1,1,0
1418,1418,4,TRUE,-1,1,0
1419,1419,4,TRUE,-1,1,0
1420,1420,5,TRUE,-1,1,0
1421,1421,6,TRUE,-1,1,0
1422,1422,5,TRUE,-1,1,0
1423,1423,2,TRUE,-1,1,0
1424,1424,6,TRUE,-1,1,0
1425,1425,2,TRUE,-1,1,0
1426,1426,2,TRUE,-1,1,0
1427,1427,3,TRUE,-1,1,0
1428,1428,3,TRUE,-1,1,0
1429,1429,5,TRUE,-1,1,0
1430,1430,4,TRUE,-1,1,0
1431,1431,6,TRUE,-1,1,0
1432,1432,2,TRUE,-1,1,0
1433,1433,6,TRUE,-1,1,0
1434,1434,3,TRUE,-1,1,0
1435,1435,5,TRUE,-1,1,0
1436,1436,3,TRUE,-1,1,0
1437,1437,4,TRUE,-1,1,0
1438,1438,5,TRUE,-1,1,0
1439,1439,6,TRUE,-1,1,0
1440,1440,5,TRUE,-1,1,0
1441,1441,2,TRUE,1,0,1
1442,1442,3,TRUE,1,0,1
1443,1443,2,TRUE,1,0,1
1444,1444,2,TRUE,1,0,1
1445,1445,2,TRUE,1,0,1
1446,1446,2,TRUE,1,0,1
1447,1447,2,TRUE,1,0,1
1448,1448,3,TRUE,1,0,1
1449,1449,4,TRUE,1,0,1
1450,1450,2,TRUE,1,0,1
1451,1451,2,TRUE,1,0,1
1452,1452,3,TRUE,1,0,1
1453,1453,2,TRUE,1,0,1
1454,1454,3,TRUE,1,0,1
1455,1455,2,TRUE,1,0,1
1456,1456,2,TRUE,1,0,1
1457,1457,5,TRUE,1,0,1
1458,1458,2,TRUE,1,0,1
1459,1459,2,TRUE,1,0,1
1460,1460,2,TRUE,1,0,1
1461,1461,2,TRUE,1,0,1
1462,1462,4,TRUE,1,0,1
1463,1463,2,TRUE,1,0,1
1464,1464,2,TRUE,1,0,1
1465,1465,2,TRUE,1,0,1
1466,1466,2,TRUE,1,0,1
1467,1467,5,TRUE,1,0,1
1468,1468,3,TRUE,1,0,1
1469,1469,2,TRUE,1,0,1
1470,1470,2,TRUE,1,0,1
1471,1471,3,TRUE,1,0,1
1472,1472,3,TRUE,1,0,1
1473,1473,2,TRUE,1,0,1
1474,1474,2,TRUE,1,0,1
1475,1475,2,TRUE,1,0,1
1476,1476,3,TRUE,1,0,1
1477,1477,3,TRUE,1,0,1
1478,1478,3,TRUE,1,0,1
1479,1479,3,TRUE,1,0,1
1480,1480,3,TRUE,1,0,1
1481,1481,5,TRUE,1,0,1
1482,1482,2,TRUE,1,0,1
1483,1483,3,TRUE,1,0,1
1484,1484,2,TRUE,1,0,1
1485,1485,3,TRUE,1,0,1
1486,1486,2,TRUE,1,0,1
1487,1487,2,TRUE,1,0,1
1488,1488,2,TRUE,1,0,1
1489,1489,3,TRUE,1,0,1
1490,1490,3,TRUE,1,0,1
1491,1491,2,TRUE,1,0,1
1492,1492,6,TRUE,1,0,1
1493,1493,2,TRUE,1,0,1
1494,1494,2,TRUE,1,0,1
1495,1495,2,TRUE,1,0,1
1496,1496,2,TRUE,1,0,1
1497,1497,3,TRUE,1,0,1
1498,1498,2,TRUE,1,0,1
1499,1499,2,TRUE,1,0,1
1500,1500,2,TRUE,1,0,1
1501,1501,2,TRUE,1,0,1
1502,1502,2,TRUE,1,0,1
1503,1503,3,TRUE,1,0,1
1504,1504,2,TRUE,1,0,1
1505,1505,4,TRUE,1,0,1
1506,1506,2,TRUE,1,0,1
1507,1507,3,TRUE,1,0,1
1508,1508,2,TRUE,1,0,1
1509,1509,3,TRUE,1,0,1
1510,1510,4,TRUE,1,0,1
1511,1511,2,TRUE,1,0,1
1512,1512,3,TRUE,1,0,1
1513,1513,2,TRUE,1,0,1
1514,1514,2,TRUE,1,0,1
1515,1515,4,TRUE,1,0,1
1516,1516,3,TRUE,1,0,1
1517,1517,2,TRUE,1,0,1
1518,1518,4,TRUE,1,0,1
1519,1519,2,TRUE,1,0,1
1520,1520,3,TRUE,1,0,1
1521,1521,2,TRUE,1,0,1
1522,1522,2,TRUE,1,0,1
1523,1523,3,TRUE,1,0,1
1524,1524,4,TRUE,1,0,1
1525,1525,4,TRUE,1,0,1
1526,1526,2,TRUE,1,0,1
1527,1527,2,TRUE,1,0,1
1528,1528,2,TRUE,1,0,1
1529,1529,2,TRUE,1,0,1
1530,1530,2,TRUE,1,0,1
1531,1531,2,TRUE,1,0,1
1532,1532,2,TRUE,1,0,1
1533,1533,4,TRUE,1,0,1
1534,1534,2,TRUE,1,0,1
1535,1535,2,TRUE,1,0,1
1536,1536,3,TRUE,1,0,1
1537,1537,4,TRUE,1,0,1
1538,1538,5,TRUE,1,0,1
1539,1539,2,TRUE,1,0,1
1540,1540,2,TRUE,1,0,1
1541,1541,6,TRUE,1,0,1
1542,1542,2,TRUE,1,0,1
1543,1543,2,TRUE,1,0,1
1544,1544,2,TRUE,1,0,1
1545,1545,3,TRUE,1,0,1
1546,1546,3,TRUE,1,0,1
1547,1547,3,TRUE,1,0,1
1548,1548,2,TRUE,1,0,1
1549,1549,4,TRUE,1,0,1
1550,1550,2,TRUE,1,0,1
1551,1551,3,TRUE,1,0,1
1552,1552,2,TRUE,1,0,1
1553,1553,3,TRUE,1,0,1
1554,1554,2,TRUE,1,0,1
1555,1555,2,TRUE,1,0,1
1556,1556,4,TRUE,1,0,1
1557,1557,3,TRUE,1,0,1
1558,1558,2,TRUE,1,0,1
1559,1559,2,TRUE,1,0,1
1560,1560,3,TRUE,1,0,1
1561,1561,2,TRUE,1,0,1
1562,1562,3,TRUE,1,0,1
1563,1563,5,TRUE,1,0,1
1564,1564,2,TRUE,1,0,1
1565,1565,2,TRUE,1,0,1
1566,1566,2,TRUE,1,0,1
1567,1567,4,TRUE,1,0,1
1568,1568,2,TRUE,1,0,1
1569,1569,2,TRUE,1,0,1
1570,1570,2,TRUE,1,0,1
1571,1571,2,TRUE,1,0,1
1572,1572,2,TRUE,1,0,1
1573,1573,2,TRUE,1,0,1
1574,1574,2,TRUE,1,0,1
1575,1575,2,TRUE,1,0,1
1576,1576,2,TRUE,1,0,1
1577,1577,6,TRUE,1,0,1
1578,1578,2,TRUE,1,0,1
1579,1579,2,TRUE,1,0,1
1580,1580,2,TRUE,1,0,1
1581,1581,5,TRUE,1,0,1
1582,1582,3,TRUE,1,0,1
1583,1583,2,TRUE,1,0,1
1584,1584,4,TRUE,1,0,1
1585,1585,2,TRUE,1,0,1
1586,1586,2,TRUE,1,0,1
1587,1587,2,TRUE,1,0,1
1588,1588,2,TRUE,1,0,1
1589,1589,4,TRUE,1,0,1
1590,1590,2,TRUE,1,0,1
1591,1591,3,TRUE,1,0,1
1592,1592,2,TRUE,1,0,1
1593,1593,2,TRUE,1,0,1
1594,1594,2,TRUE,1,0,1
1595,1595,3,TRUE,1,0,1
1596,1596,2,TRUE,1,0,1
1597,1597,3,TRUE,1,0,1
1598,1598,3,TRUE,1,0,1
1599,1599,2,TRUE,1,0,1
1600,1600,2,TRUE,1,0,1
1601,1601,2,TRUE,1,0,1
1602,1602,4,TRUE,1,0,1
1603,1603,3,TRUE,1,0,1
1604,1604,3,TRUE,1,0,1
1605,1605,3,TRUE,1,0,1
1606,1606,2,TRUE,1,0,1
1607,1607,2,TRUE,1,0,1
1608,1608,2,TRUE,1,0,1
1609,1609,3,TRUE,1,0,1
1610,1610,3,TRUE,1,0,1
1611,1611,2,TRUE,1,0,1
1612,1612,2,TRUE,1,0,1
1613,1613,3,TRUE,1,0,1
1614,1614,2,TRUE,1,0,1
1615,1615,2,TRUE,1,0,1
1616,1616,3,TRUE,1,0,1
1617,1617,5,TRUE,1,0,1
1618,1618,5,TRUE,1,0,1
1619,1619,2,TRUE,1,0,1
1620,1620,2,TRUE,1,0,1
1621,1621,2,TRUE,1,0,1
1622,1622,2,TRUE,1,0,1
1623,1623,2,TRUE,1,0,1
1624,1624,2,TRUE,1,0,1
1625,1625,3,TRUE,1,0,1
1626,1626,2,TRUE,1,0,1
1627,1627,3,TRUE,1,0,1
1628,1628,4,TRUE,1,0,1
1629,1629,3,TRUE,1,0,1
1630,1630,2,TRUE,1,0,1
1631,1631,2,TRUE,1,0,1
1632,1632,3,TRUE,1,0,1
1633,1633,2,TRUE,1,0,1
1634,1634,2,TRUE,1,0,1
1635,1635,3,TRUE,1,0,1
1636,1636,3,TRUE,1,0,1
1637,1637,2,TRUE,1,0,1
1638,1638,2,TRUE,1,0,1
1639,1639,3,TRUE,1,0,1
1640,1640,3,TRUE,1,0,1
1641,1641,2,TRUE,1,0,1
1642,1642,2,TRUE,1,0,1
1643,1643,4,TRUE,1,0,1
1644,1644,2,TRUE,1,0,1
1645,1645,2,TRUE,1,0,1
1646,1646,2,TRUE,1,0,1
1647,1647,2,TRUE,1,0,1
1648,1648,2,TRUE,1,0,1
1649,1649,3,TRUE,1,0,1
1650,1650,2,TRUE,1,0,1
1651,1651,2,TRUE,1,0,1
1652,1652,3,TRUE,1,0,1
1653,1653,2,TRUE,1,0,1
1654,1654,4,TRUE,1,0,1
1655,1655,2,TRUE,1,0,1
1656,1656,4,TRUE,1,0,1
1657,1657,2,TRUE,1,0,1
1658,1658,3,TRUE,1,0,1
1659,1659,2,TRUE,1,0,1
1660,1660,2,TRUE,1,0,1
1661,1661,3,TRUE,1,0,1
1662,1662,2,TRUE,1,0,1
1663,1663,3,TRUE,1,0,1
1664,1664,3,TRUE,1,0,1
1665,1665,3,TRUE,1,0,1
1666,1666,2,TRUE,1,0,1
1667,1667,2,TRUE,1,0,1
1668,1668,3,TRUE,1,0,1
1669,1669,3,TRUE,1,0,1
1670,1670,2,TRUE,1,0,1
1671,1671,2,TRUE,1,0,1
1672,1672,2,TRUE,1,0,1
1673,1673,2,TRUE,1,0,1
1674,1674,2,TRUE,1,0,1
1675,1675,3,TRUE,1,0,1
1676,1676,2,TRUE,1,0,1
1677,1677,2,TRUE,1,0,1
1678,1678,4,TRUE,1,0,1
1679,1679,2,TRUE,1,0,1
1680,1680,2,TRUE,1,0,1
1681,1681,2,TRUE,1,0,1
1682,1682,4,TRUE,1,0,1
1683,1683,4,TRUE,1,0,1
1684,1684,3,TRUE,1,0,1
1685,1685,2,TRUE,1,0,1
1686,1686,3,TRUE,1,0,1
1687,1687,2,TRUE,1,0,1
1688,1688,2,TRUE,1,0,1
1689,1689,2,TRUE,1,0,1
1690,1690,2,TRUE,1,0,1
1691,1691,2,TRUE,1,0,1
1692,1692,4,TRUE,1,0,1
1693,1693,2,TRUE,1,0,1
1694,1694,3,TRUE,1,0,1
1695,1695,2,TRUE,1,0,1
1696,1696,3,TRUE,1,0,1
1697,1697,3,TRUE,1,0,1
1698,1698,2,TRUE,1,0,1
1699,1699,2,TRUE,1,0,1
1700,1700,2,TRUE,1,0,1
1701,1701,3,TRUE,1,0,1
1702,1702,2,TRUE,1,0,1
1703,1703,3,TRUE,1,0,1
1704,1704,2,TRUE,1,0,1
1705,1705,3,TRUE,1,0,1
1706,1706,2,TRUE,1,0,1
1707,1707,2,TRUE,1,0,1
1708,1708,2,TRUE,1,0,1
1709,1709,4,TRUE,1,0,1
1710,1710,3,TRUE,1,0,1
1711,1711,2,TRUE,1,0,1
1712,1712,2,TRUE,1,0,1
1713,1713,2,TRUE,1,0,1
1714,1714,2,TRUE,1,0,1
1715,1715,2,TRUE,1,0,1
1716,1716,2,TRUE,1,0,1
1717,1717,2,TRUE,1,0,1
1718,1718,2,TRUE,1,0,1
1719,1719,3,TRUE,1,0,1
1720,1720,2,TRUE,1,0,1
1721,1721,3,TRUE,1,0,1
1722,1722,2,TRUE,1,0,1
1723,1723,3,TRUE,1,0,1
1724,1724,3,TRUE,1,0,1
1725,1725,4,TRUE,1,0,1
1726,1726,4,TRUE,1,0,1
1727,1727,3,TRUE,1,0,1
1728,1728,4,TRUE,1,0,1
1729,1729,3,TRUE,1,0,1
1730,1730,4,TRUE,1,0,1
1731,1731,3,TRUE,1,0,1
1732,1732,4,TRUE,1,0,1
1733,1733,6,TRUE,1,0,1
1734,1734,2,TRUE,1,0,1
1735,1735,3,TRUE,1,0,1
1736,1736,3,TRUE,1,0,1
1737,1737,2,TRUE,1,0,1
1738,1738,2,TRUE,1,0,1
1739,1739,3,TRUE,1,0,1
1740,1740,2,TRUE,1,0,1
1741,1741,2,TRUE,1,0,1
1742,1742,4,TRUE,1,0,1
1743,1743,2,TRUE,1,0,1
1744,1744,2,TRUE,1,0,1
1745,1745,2,TRUE,1,0,1
1746,1746,2,TRUE,1,0,1
1747,1747,2,TRUE,1,0,1
1748,1748,3,TRUE,1,0,1
1749,1749,2,TRUE,1,0,1
1750,1750,4,TRUE,1,0,1
1751,1751,3,TRUE,1,0,1
1752,1752,3,TRUE,1,0,1
1753,1753,2,TRUE,1,0,1
1754,1754,2,TRUE,1,0,1
1755,1755,3,TRUE,1,0,1
1756,1756,2,TRUE,1,0,1
1757,1757,2,TRUE,1,0,1
1758,1758,3,TRUE,1,0,1
1759,1759,2,TRUE,1,0,1
1760,1760,2,TRUE,1,0,1
1761,1761,5,TRUE,1,0,1
1762,1762,3,TRUE,1,0,1
1763,1763,2,TRUE,1,0,1
1764,1764,3,TRUE,1,0,1
1765,1765,2,TRUE,1,0,1
1766,1766,3,TRUE,1,0,1
1767,1767,2,TRUE,1,0,1
1768,1768,5,TRUE,1,0,1
1769,1769,4,TRUE,1,0,1
1770,1770,4,TRUE,1,0,1
1771,1771,3,TRUE,1,0,1
1772,1772,2,TRUE,1,0,1
1773,1773,3,TRUE,1,0,1
1774,1774,2,TRUE,1,0,1
1775,1775,4,TRUE,1,0,1
1776,1776,2,TRUE,1,0,1
1777,1777,2,TRUE,1,0,1
1778,1778,2,TRUE,1,0,1
1779,1779,3,TRUE,1,0,1
1780,1780,3,TRUE,1,0,1
1781,1781,3,TRUE,1,0,1
1782,1782,3,TRUE,1,0,1
1783,1783,2,TRUE,1,0,1
1784,1784,2,TRUE,1,0,1
1785,1785,2,TRUE,1,0,1
1786,1786,2,TRUE,1,0,1
1787,1787,2,TRUE,1,0,1
1788,1788,4,TRUE,1,0,1
1789,1789,5,TRUE,1,0,1
1790,1790,3,TRUE,1,0,1
1791,1791,2,TRUE,1,0,1
1792,1792,2,TRUE,1,0,1
1793,1793,3,TRUE,1,0,1
1794,1794,2,TRUE,1,0,1
1795,1795,2,TRUE,1,0,1
1796,1796,2,TRUE,1,0,1
1797,1797,4,TRUE,1,0,1
1798,1798,2,TRUE,1,0,1
1799,1799,3,TRUE,1,0,1
1800,1800,2,TRUE,1,0,1
1801,1801,2,TRUE,1,0,1
1802,1802,2,TRUE,1,0,1
1803,1803,2,TRUE,1,0,1
1804,1804,2,TRUE,1,0,1
1805,1805,2,TRUE,1,0,1
1806,1806,2,TRUE,1,0,1
1807,1807,2,TRUE,1,0,1
1808,1808,2,TRUE,1,0,1
1809,1809,2,TRUE,1,0,1
1810,1810,3,TRUE,1,0,1
1811,1811,2,TRUE,1,0,1
1812,1812,3,TRUE,1,0,1
1813,1813,2,TRUE,1,0,1
1814,1814,3,TRUE,1,0,1
1815,1815,2,TRUE,1,0,1
1816,1816,3,TRUE,1,0,1
1817,1817,3,TRUE,1,0,1
1818,1818,2,TRUE,1,0,1
1819,1819,2,TRUE,1,0,1
1820,1820,5,TRUE,1,0,1
1821,1821,4,TRUE,1,0,1
1822,1822,2,TRUE,1,0,1
1823,1823,2,TRUE,1,0,1
1824,1824,2,TRUE,1,0,1
1825,1825,4,TRUE,1,0,1
1826,1826,2,TRUE,1,0,1
1827,1827,2,TRUE,1,0,1
1828,1828,2,TRUE,1,0,1
1829,1829,2,TRUE,1,0,1
1830,1830,3,TRUE,1,0,1
1831,1831,3,TRUE,1,0,1
1832,1832,3,TRUE,1,0,1
1833,1833,4,TRUE,1,0,1
1834,1834,4,TRUE,1,0,1
1835,1835,2,TRUE,1,0,1
1836,1836,4,TRUE,1,0,1
1837,1837,3,TRUE,1,0,1
1838,1838,4,TRUE,1,0,1
1839,1839,2,TRUE,1,0,1
1840,1840,3,TRUE,1,0,1
1841,1841,2,TRUE,1,0,1
1842,1842,2,TRUE,1,0,1
1843,1843,3,TRUE,1,0,1
1844,1844,2,TRUE,1,0,1
1845,1845,2,TRUE,1,0,1
1846,1846,2,TRUE,1,0,1
1847,1847,3,TRUE,1,0,1
1848,1848,2,TRUE,1,0,1
1849,1849,2,TRUE,1,0,1
1850,1850,2,TRUE,1,0,1
1851,1851,2,TRUE,1,0,1
1852,1852,3,TRUE,1,0,1
1853,1853,3,TRUE,1,0,1
1854,1854,5,TRUE,1,0,1
1855,1855,2,TRUE,1,0,1
1856,1856,5,TRUE,1,0,1
1857,1857,3,TRUE,1,0,1
1858,1858,2,TRUE,1,0,1
1859,1859,4,TRUE,1,0,1
1860,1860,2,TRUE,1,0,1
1861,1861,2,TRUE,1,0,1
1862,1862,2,TRUE,1,0,1
1863,1863,5,TRUE,1,0,1
1864,1864,3,TRUE,1,0,1
1865,1865,2,TRUE,1,0,1
1866,1866,2,TRUE,1,0,1
1867,1867,3,TRUE,1,0,1
1868,1868,2,TRUE,1,0,1
1869,1869,2,TRUE,1,0,1
1870,1870,3,TRUE,1,0,1
1871,1871,4,TRUE,1,0,1
1872,1872,3,TRUE,1,0,1
1873,1873,3,TRUE,1,0,1
1874,1874,2,TRUE,1,0,1
1875,1875,2,TRUE,1,0,1
1876,1876,2,TRUE,1,0,1
1877,1877,2,TRUE,1,0,1
1878,1878,3,TRUE,1,0,1
1879,1879,3,TRUE,1,0,1
1880,1880,3,TRUE,1,0,1
1881,1881,3,TRUE,1,0,1
1882,1882,2,TRUE,1,0,1
1883,1883,4,TRUE,1,0,1
1884,1884,3,TRUE,1,0,1
1885,1885,2,TRUE,1,0,1
1886,1886,2,TRUE,1,0,1
1887,1887,2,TRUE,1,0,1
1888,1888,3,TRUE,1,0,1
1889,1889,3,TRUE,1,0,1
1890,1890,2,TRUE,1,0,1
1891,1891,4,TRUE,1,0,1
1892,1892,2,TRUE,1,0,1
1893,1893,2,TRUE,1,0,1
1894,1894,5,TRUE,1,0,1
1895,1895,2,TRUE,1,0,1
1896,1896,2,TRUE,1,0,1
1897,1897,5,TRUE,1,0,1
1898,1898,3,TRUE,1,0,1
1899,1899,3,TRUE,1,0,1
1900,1900,2,TRUE,1,0,1
1901,1901,3,TRUE,1,0,1
1902,1902,3,TRUE,1,0,1
1903,1903,5,TRUE,1,0,1
1904,1904,2,TRUE,1,0,1
1905,1905,3,TRUE,1,0,1
1906,1906,4,TRUE,1,0,1
1907,1907,2,TRUE,1,0,1
1908,1908,4,TRUE,1,0,1
1909,1909,2,TRUE,1,0,1
1910,1910,3,TRUE,1,0,1
1911,1911,4,TRUE,1,0,1
1912,1912,2,TRUE,1,0,1
1913,1913,6,TRUE,1,0,1
1914,1914,2,TRUE,1,0,1
1915,1915,3,TRUE,1,0,1
1916,1916,4,TRUE,1,0,1
1917,1917,3,TRUE,1,0,1
1918,1918,2,TRUE,1,0,1
1919,1919,2,TRUE,1,0,1
1920,1920,2,TRUE,1,0,1
1921,1921,2,TRUE,1,0,1
1922,1922,2,TRUE,1,0,1
1923,1923,2,TRUE,1,0,1
1924,1924,2,TRUE,1,0,1
1925,1925,2,TRUE,1,0,1
1926,1926,2,TRUE,1,0,1
1927,1927,3,TRUE,1,0,1
1928,1928,4,TRUE,1,0,1
1929,1929,2,TRUE,1,0,1
1930,1930,2,TRUE,1,0,1
1931,1931,6,TRUE,1,0,1
1932,1932,3,TRUE,1,0,1
1933,1933,2,TRUE,1,0,1
1934,1934,3,TRUE,1,0,1
1935,1935,2,TRUE,1,0,1
1936,1936,2,TRUE,1,0,1
1937,1937,2,TRUE,1,0,1
1938,1938,4,TRUE,1,0,1
1939,1939,4,TRUE,1,0,1
1940,1940,2,TRUE,1,0,1
1941,1941,2,TRUE,1,0,1
1942,1942,3,TRUE,1,0,1
1943,1943,2,TRUE,1,0,1
1944,1944,2,TRUE,1,0,1
1945,1945,4,TRUE,1,0,1
1946,1946,2,TRUE,1,0,1
1947,1947,2,TRUE,1,0,1
1948,1948,2,TRUE,1,0,1
1949,1949,3,TRUE,1,0,1
1950,1950,3,TRUE,1,0,1
1951,1951,2,TRUE,1,0,1
1952,1952,2,TRUE,1,0,1
1953,1953,3,TRUE,1,0,1
1954,1954,3,TRUE,1,0,1
1955,1955,2,TRUE,1,0,1
1956,1956,2,TRUE,1,0,1
1957,1957,2,TRUE,1,0,1
1958,1958,5,TRUE,1,0,1
1959,1959,2,TRUE,1,0,1
1960,1960,2,TRUE,1,0,1
1961,1961,3,TRUE,1,0,1
1962,1962,5,TRUE,1,0,1
1963,1963,3,TRUE,1,0,1
1964,1964,2,TRUE,1,0,1
1965,1965,3,TRUE,1,0,1
1966,1966,4,TRUE,1,0,1
1967,1967,4,TRUE,1,0,1
1968,1968,3,TRUE,1,0,1
1969,1969,2,TRUE,1,0,1
1970,1970,3,TRUE,1,0,1
1971,1971,2,TRUE,1,0,1
1972,1972,3,TRUE,1,0,1
1973,1973,3,TRUE,1,0,1
1974,1974,3,TRUE,1,0,1
1975,1975,2,TRUE,1,0,1
1976,1976,3,TRUE,1,0,1
1977,1977,2,TRUE,1,0,1
1978,1978,3,TRUE,1,0,1
1979,1979,6,TRUE,1,0,1
1980,1980,2,TRUE,1,0,1
1981,1981,3,TRUE,1,0,1
1982,1982,2,TRUE,1,0,1
1983,1983,2,TRUE,1,0,1
1984,1984,2,TRUE,1,0,1
1985,1985,2,TRUE,1,0,1
1986,1986,2,TRUE,1,0,1
1987,1987,3,TRUE,1,0,1
1988,1988,2,TRUE,1,0,1
1989,1989,2,TRUE,1,0,1
1990,1990,2,TRUE,1,0,1
1991,1991,2,TRUE,1,0,1
1992,1992,3,TRUE,1,0,1
1993,1993,3,TRUE,1,0,1
1994,1994,2,TRUE,1,0,1
1995,1995,5,TRUE,1,0,1
1996,1996,2,TRUE,1,0,1
1997,1997,4,TRUE,1,0,1
1998,1998,3,TRUE,1,0,1
1999,1999,2,TRUE,1,0,1
2000,2000,2,TRUE,1,0,1
2001,2001,2,TRUE,1,0,1
2002,2002,2,TRUE,1,0,1
2003,2003,3,TRUE,1,0,1
2004,2004,2,TRUE,1,0,1
2005,2005,2,TRUE,1,0,1
2006,2006,2,TRUE,1,0,1
2007,2007,2,TRUE,1,0,1
2008,2008,2,TRUE,1,0,1
2009,2009,2,TRUE,1,0,1
2010,2010,2,TRUE,1,0,1
2011,2011,2,TRUE,1,0,1
2012,2012,3,TRUE,1,0,1
2013,2013,2,TRUE,1,0,1
2014,2014,2,TRUE,1,0,1
2015,2015,2,TRUE,1,0,1
2016,2016,2,TRUE,1,0,1
2017,2017,2,TRUE,1,0,1
2018,2018,4,TRUE,1,0,1
2019,2019,3,TRUE,1,0,1
2020,2020,2,TRUE,1,0,1
2021,2021,2,TRUE,1,0,1
2022,2022,2,TRUE,1,0,1
2023,2023,2,TRUE,1,0,1
2024,2024,3,TRUE,1,0,1
2025,2025,2,TRUE,1,0,1
2026,2026,2,TRUE,1,0,1
2027,2027,2,TRUE,1,0,1
2028,2028,2,TRUE,1,0,1
2029,2029,2,TRUE,1,0,1
2030,2030,2,TRUE,1,0,1
2031,2031,2,TRUE,1,0,1
2032,2032,4,TRUE,1,0,1
2033,2033,2,TRUE,1,0,1
2034,2034,2,TRUE,1,0,1
2035,2035,2,TRUE,1,0,1
2036,2036,4,TRUE,1,0,1
2037,2037,2,TRUE,1,0,1
2038,2038,3,TRUE,1,0,1
2039,2039,2,TRUE,1,0,1
2040,2040,4,TRUE,1,0,1
2041,2041,4,TRUE,1,0,1
2042,2042,2,TRUE,1,0,1
2043,2043,4,TRUE,1,0,1
2044,2044,2,TRUE,1,0,1
2045,2045,2,TRUE,1,0,1
2046,2046,2,TRUE,1,0,1
2047,2047,3,TRUE,1,0,1
2048,2048,3,TRUE,1,0,1
2049,2049,2,TRUE,1,0,1
2050,2050,2,TRUE,1,0,1
2051,2051,4,TRUE,1,0,1
2052,2052,3,TRUE,1,0,1
2053,2053,2,TRUE,1,0,1
2054,2054,2,TRUE,1,0,1
2055,2055,3,TRUE,1,0,1
2056,2056,3,TRUE,1,0,1
2057,2057,2,TRUE,1,0,1
2058,2058,2,TRUE,1,0,1
2059,2059,3,TRUE,1,0,1
2060,2060,2,TRUE,1,0,1
2061,2061,3,TRUE,1,0,1
2062,2062,3,TRUE,1,0,1
2063,2063,3,TRUE,1,0,1
2064,2064,2,TRUE,1,0,1
2065,2065,3,TRUE,1,0,1
2066,2066,2,TRUE,1,0,1
2067,2067,2,TRUE,1,0,1
2068,2068,2,TRUE,1,0,1
2069,2069,3,TRUE,1,0,1
2070,2070,2,TRUE,1,0,1
2071,2071,2,TRUE,1,0,1
2072,2072,2,TRUE,1,0,1
2073,2073,2,TRUE,1,0,1
2074,2074,2,TRUE,1,0,1
2075,2075,4,TRUE,1,0,1
2076,2076,2,TRUE,1,0,1
2077,2077,3,TRUE,1,0,1
2078,2078,4,TRUE,1,0,1
2079,2079,2,TRUE,1,0,1
2080,2080,3,TRUE,1,0,1
2081,2081,2,TRUE,1,0,1
2082,2082,2,TRUE,1,0,1
2083,2083,2,TRUE,1,0,1
2084,2084,2,TRUE,1,0,1
2085,2085,2,TRUE,1,0,1
2086,2086,3,TRUE,1,0,1
2087,2087,2,TRUE,1,0,1
2088,2088,2,TRUE,1,0,1
2089,2089,3,TRUE,1,0,1
2090,2090,3,TRUE,1,0,1
2091,2091,5,TRUE,1,0,1
2092,2092,2,TRUE,1,0,1
2093,2093,2,TRUE,1,0,1
2094,2094,4,TRUE,1,0,1
2095,2095,2,TRUE,1,0,1
2096,2096,3,TRUE,1,0,1
2097,2097,3,TRUE,1,0,1
2098,2098,2,TRUE,1,0,1
2099,2099,2,TRUE,1,0,1
2100,2100,2,TRUE,1,0,1
2101,2101,3,TRUE,1,0,1
2102,2102,4,TRUE,1,0,1
2103,2103,3,TRUE,1,0,1
2104,2104,2,TRUE,1,0,1
2105,2105,3,TRUE,1,0,1
2106,2106,2,TRUE,1,0,1
2107,2107,6,TRUE,1,0,1
2108,2108,3,TRUE,1,0,1
2109,2109,2,TRUE,1,0,1
2110,2110,5,TRUE,1,0,1
2111,2111,2,TRUE,1,0,1
2112,2112,2,TRUE,1,0,1
2113,2113,2,TRUE,1,0,1
2114,2114,2,TRUE,1,0,1
2115,2115,2,TRUE,1,0,1
2116,2116,3,TRUE,1,0,1
2117,2117,2,TRUE,1,0,1
2118,2118,3,TRUE,1,0,1
2119,2119,2,TRUE,1,0,1
2120,2120,2,TRUE,1,0,1
2121,2121,4,TRUE,1,0,1
2122,2122,2,TRUE,1,0,1
2123,2123,4,TRUE,1,0,1
2124,2124,2,TRUE,1,0,1
2125,2125,2,TRUE,1,0,1
2126,2126,3,TRUE,1,0,1
2127,2127,2,TRUE,1,0,1
2128,2128,2,TRUE,1,0,1
2129,2129,2,TRUE,1,0,1
2130,2130,5,TRUE,1,0,1
2131,2131,2,TRUE,1,0,1
2132,2132,3,TRUE,1,0,1
2133,2133,3,TRUE,1,0,1
2134,2134,2,TRUE,1,0,1
2135,2135,2,TRUE,1,0,1
2136,2136,3,TRUE,1,0,1
2137,2137,2,TRUE,1,0,1
2138,2138,2,TRUE,1,0,1
2139,2139,2,TRUE,1,0,1
2140,2140,3,TRUE,1,0,1
2141,2141,2,TRUE,1,0,1
2142,2142,2,TRUE,1,0,1
2143,2143,2,TRUE,1,0,1
2144,2144,3,TRUE,1,0,1
2145,2145,2,TRUE,1,0,1
2146,2146,4,TRUE,1,0,1
2147,2147,3,TRUE,1,0,1
2148,2148,3,TRUE,1,0,1
2149,2149,4,TRUE,1,0,1
2150,2150,2,TRUE,1,0,1
2151,2151,2,TRUE,1,0,1
2152,2152,3,TRUE,1,0,1
2153,2153,2,TRUE,1,0,1
2154,2154,6,TRUE,1,0,1
2155,2155,3,TRUE,1,0,1
2156,2156,2,TRUE,1,0,1
2157,2157,4,TRUE,1,0,1
2158,2158,3,TRUE,1,0,1
2159,2159,2,TRUE,1,0,1
2160,2160,2,TRUE,1,0,1
2161,2161,2,TRUE,1,1,1
2162,2162,3,TRUE,1,1,1
2163,2163,6,TRUE,1,1,1
2164,2164,6,TRUE,1,1,1
2165,2165,6,TRUE,1,1,1
2166,2166,6,TRUE,1,1,1
2167,2167,4,TRUE,2,1,1
2168,2168,2,TRUE,1,1,1
2169,2169,6,TRUE,1,1,1
2170,2170,4,TRUE,1,1,1
2171,2171,6,TRUE,1,1,1
2172,2172,5,TRUE,1,1,1
2173,2173,3,TRUE,1,1,1
2174,2174,5,TRUE,1,1,1
2175,2175,6,TRUE,1,1,1
2176,2176,5,TRUE,1,1,1
2177,2177,6,TRUE,1,1,1
2178,2178,5,TRUE,1,1,1
2179,2179,5,TRUE,1,1,1
2180,2180,6,TRUE,1,1,1
2181,2181,2,TRUE,1,1,1
2182,2182,5,TRUE,1,1,1
2183,2183,4,TRUE,1,1,1
2184,2184,5,TRUE,1,1,1
2185,2185,4,TRUE,1,1,1
2186,2186,6,TRUE,1,1,1
2187,2187,4,TRUE,1,1,1
2188,2188,6,TRUE,1,1,1
2189,2189,2,TRUE,1,1,1
2190,2190,6,TRUE,1,1,1
2191,2191,4,TRUE,1,1,1
2192,2192,4,TRUE,1,1,1
2193,2193,4,TRUE,1,1,1
2194,2194,5,TRUE,1,1,1
2195,2195,5,TRUE,1,1,1
2196,2196,6,TRUE,2,1,1
2197,2197,6,TRUE,1,1,1
2198,2198,3,TRUE,1,1,1
2199,2199,5,TRUE,1,1,1
2200,2200,4,TRUE,1,1,1
2201,2201,4,TRUE,1,1,1
2202,2202,2,TRUE,1,1,1
2203,2203,2,TRUE,1,1,1
2204,2204,3,TRUE,1,1,1
2205,2205,4,TRUE,1,1,1
2206,2206,5,TRUE,1,1,1
2207,2207,2,TRUE,1,1,1
2208,2208,6,TRUE,1,1,1
2209,2209,5,TRUE,1,1,1
2210,2210,2,TRUE,1,1,1
2211,2211,3,TRUE,1,1,1
2212,2212,6,TRUE,1,1,1
2213,2213,6,TRUE,1,1,1
2214,2214,5,TRUE,1,1,1
2215,2215,5,TRUE,1,1,1
2216,2216,4,TRUE,1,1,1
2217,2217,4,TRUE,1,1,1
2218,2218,3,TRUE,1,1,1
2219,2219,3,TRUE,1,1,1
2220,2220,5,TRUE,1,1,1
2221,2221,5,TRUE,1,1,1
2222,2222,3,TRUE,1,1,1
2223,2223,6,TRUE,1,1,1
2224,2224,6,TRUE,1,1,1
2225,2225,3,TRUE,1,1,1
2226,2226,6,TRUE,1,1,1
2227,2227,3,TRUE,1,1,1
2228,2228,6,TRUE,1,1,1
2229,2229,6,TRUE,1,1,1
2230,2230,6,TRUE,1,1,1
2231,2231,6,TRUE,1,1,1
2232,2232,3,TRUE,1,1,1
2233,2233,5,TRUE,1,1,1
2234,2234,3,TRUE,1,1,1
2235,2235,5,TRUE,1,1,1
2236,2236,6,TRUE,1,1,1
2237,2237,6,TRUE,1,1,1
2238,2238,4,TRUE,1,1,1
2239,2239,6,TRUE,1,1,1
2240,2240,2,TRUE,1,1,1
2241,2241,5,TRUE,1,1,1
2242,2242,6,TRUE,1,1,1
2243,2243,2,TRUE,1,1,1
2244,2244,5,TRUE,1,1,1
2245,2245,6,TRUE,1,1,1
2246,2246,2,TRUE,1,1,1
2247,2247,2,TRUE,1,1,1
2248,2248,5,TRUE,1,1,1
2249,2249,4,TRUE,1,1,1
2250,2250,6,TRUE,1,1,1
2251,2251,4,TRUE,1,1,1
2252,2252,6,TRUE,1,1,1
2253,2253,4,TRUE,1,1,1
2254,2254,2,TRUE,1,1,1
2255,2255,4,TRUE,1,1,1
2256,2256,3,TRUE,1,1,1
2257,2257,4,TRUE,1,1,1
2258,2258,4,TRUE,1,1,1
2259,2259,5,TRUE,1,1,1
2260,2260,3,TRUE,1,1,1
2261,2261,2,TRUE,1,1,1
2262,2262,3,TRUE,1,1,1
2263,2263,3,TRUE,1,1,1
2264,2264,6,TRUE,1,1,1
2265,2265,6,TRUE,1,1,1
2266,2266,6,TRUE,1,1,1
2267,2267,4,TRUE,1,1,1
2268,2268,5,TRUE,1,1,1
2269,2269,6,TRUE,1,1,1
2270,2270,3,TRUE,1,1,1
2271,2271,6,TRUE,1,1,1
2272,2272,4,TRUE,1,1,1
2273,2273,3,TRUE,1,1,1
2274,2274,6,TRUE,2,1,1
2275,2275,4,TRUE,1,1,1
2276,2276,3,TRUE,1,1,1
2277,2277,5,TRUE,1,1,1
2278,2278,6,TRUE,1,1,1
2279,2279,3,TRUE,1,1,1
2280,2280,3,TRUE,1,1,1
2281,2281,3,TRUE,1,1,1
2282,2282,3,TRUE,2,1,1
2283,2283,5,TRUE,1,1,1
2284,2284,3,TRUE,1,1,1
2285,2285,5,TRUE,1,1,1
2286,2286,4,TRUE,1,1,1
2287,2287,5,TRUE,1,1,1
2288,2288,5,TRUE,1,1,1
2289,2289,4,TRUE,1,1,1
2290,2290,6,TRUE,1,1,1
2291,2291,6,TRUE,1,1,1
2292,2292,6,TRUE,1,1,1
2293,2293,6,TRUE,1,1,1
2294,2294,6,TRUE,1,1,1
2295,2295,3,TRUE,1,1,1
2296,2296,4,TRUE,1,1,1
2297,2297,3,TRUE,1,1,1
2298,2298,5,TRUE,1,1,1
2299,2299,6,TRUE,1,1,1
2300,2300,3,TRUE,1,1,1
2301,2301,6,TRUE,2,1,1
2302,2302,4,TRUE,1,1,1
2303,2303,2,TRUE,1,1,1
2304,2304,4,TRUE,1,1,1
2305,2305,3,TRUE,1,1,1
2306,2306,6,TRUE,1,1,1
2307,2307,4,TRUE,1,1,1
2308,2308,3,TRUE,1,1,1
2309,2309,6,TRUE,1,1,1
2310,2310,5,TRUE,1,1,1
2311,2311,5,TRUE,3,1,1
2312,2312,5,TRUE,1,1,1
2313,2313,2,TRUE,1,1,1
2314,2314,4,TRUE,1,1,1
2315,2315,3,TRUE,1,1,1
2316,2316,5,TRUE,1,1,1
2317,2317,6,TRUE,1,1,1
2318,2318,6,TRUE,1,1,1
2319,2319,4,TRUE,1,1,1
2320,2320,6,TRUE,1,1,1
2321,2321,6,TRUE,1,1,1
2322,2322,4,TRUE,2,1,1
2323,2323,4,TRUE,1,1,1
2324,2324,2,TRUE,1,1,1
2325,2325,5,TRUE,1,1,1
2326,2326,6,TRUE,1,1,1
2327,2327,3,TRUE,1,1,1
2328,2328,6,TRUE,1,1,1
2329,2329,2,TRUE,1,1,1
2330,2330,5,TRUE,1,1,1
2331,2331,2,TRUE,1,1,1
2332,2332,6,TRUE,1,1,1
2333,2333,6,TRUE,1,1,1
2334,2334,3,TRUE,1,1,1
2335,2335,3,TRUE,1,1,1
2336,2336,3,TRUE,1,1,1
2337,2337,6,TRUE,1,1,1
2338,2338,4,TRUE,1,1,1
2339,2339,5,TRUE,1,1,1
2340,2340,5,TRUE,1,1,1
2341,2341,3,TRUE,1,1,1
2342,2342,4,TRUE,1,1,1
2343,2343,3,TRUE,1,1,1
2344,2344,2,TRUE,1,1,1
2345,2345,4,TRUE,1,1,1
2346,2346,2,TRUE,1,1,1
2347,2347,2,TRUE,1,1,1
2348,2348,5,TRUE,1,1,1
2349,2349,3,TRUE,1,1,1
2350,2350,4,TRUE,1,1,1
2351,2351,6,TRUE,1,1,1
2352,2352,6,TRUE,1,1,1
2353,2353,5,TRUE,1,1,1
2354,2354,4,TRUE,1,1,1
2355,2355,5,TRUE,1,1,1
2356,2356,2,TRUE,1,1,1
2357,2357,5,TRUE,1,1,1
2358,2358,5,TRUE,1,1,1
2359,2359,4,TRUE,1,1,1
2360,2360,5,TRUE,1,1,1
2361,2361,2,TRUE,1,1,1
2362,2362,4,TRUE,1,1,1
2363,2363,3,TRUE,1,1,1
2364,2364,5,TRUE,1,1,1
2365,2365,5,TRUE,1,1,1
2366,2366,3,TRUE,1,1,1
2367,2367,6,TRUE,1,1,1
2368,2368,3,TRUE,1,1,1
2369,2369,6,TRUE,1,1,1
2370,2370,4,TRUE,1,1,1
2371,2371,6,TRUE,1,1,1
2372,2372,3,TRUE,1,1,1
2373,2373,6,TRUE,1,1,1
2374,2374,2,TRUE,1,1,1
2375,2375,6,TRUE,2,1,1
2376,2376,4,TRUE,1,1,1
2377,2377,6,TRUE,1,1,1
2378,2378,4,TRUE,1,1,1
2379,2379,6,TRUE,1,1,1
2380,2380,2,TRUE,1,1,1
2381,2381,2,TRUE,1,1,1
2382,2382,3,TRUE,1,1,1
2383,2383,4,TRUE,1,1,1
2384,2384,2,TRUE,1,1,1
2385,2385,5,TRUE,1,1,1
2386,2386,3,TRUE,1,1,1
2387,2387,4,TRUE,1,1,1
2388,2388,4,TRUE,1,1,1
2389,2389,2,TRUE,1,1,1
2390,2390,3,TRUE,1,1,1
2391,2391,4,TRUE,1,1,1
2392,2392,6,TRUE,1,1,1
2393,2393,4,TRUE,1,1,1
2394,2394,6,TRUE,1,1,1
2395,2395,5,TRUE,1,1,1
2396,2396,4,TRUE,1,1,1
2397,2397,6,TRUE,1,1,1
2398,2398,5,TRUE,1,1,1
2399,2399,6,TRUE,1,1,1
2400,2400,4,TRUE,1,1,1
2401,2401,3,TRUE,1,1,1
2402,2402,5,TRUE,1,1,1
2403,2403,5,TRUE,1,1,1
2404,2404,2,TRUE,1,1,1
2405,2405,5,TRUE,1,1,1
2406,2406,5,TRUE,1,1,1
2407,2407,2,TRUE,1,1,1
2408,2408,4,TRUE,3,1,1
2409,2409,4,TRUE,1,1,1
2410,2410,4,TRUE,1,1,1
2411,2411,5,TRUE,1,1,1
2412,2412,5,TRUE,1,1,1
2413,2413,3,TRUE,1,1,1
2414,2414,3,TRUE,1,1,1
2415,2415,3,TRUE,1,1,1
2416,2416,6,TRUE,1,1,1
2417,2417,6,TRUE,1,1,1
2418,2418,6,TRUE,1,1,1
2419,2419,4,TRUE,1,1,1
2420,2420,5,TRUE,1,1,1
2421,2421,6,TRUE,1,1,1
2422,2422,2,TRUE,1,1,1
2423,2423,2,TRUE,1,1,1
2424,2424,5,TRUE,1,1,1
2425,2425,6,TRUE,1,1,1
2426,2426,4,TRUE,1,1,1
2427,2427,4,TRUE,1,1,1
2428,2428,3,TRUE,1,1,1
2429,2429,4,TRUE,1,1,1
2430,2430,2,TRUE,1,1,1
2431,2431,4,TRUE,1,1,1
2432,2432,5,TRUE,1,1,1
2433,2433,2,TRUE,1,1,1
2434,2434,4,TRUE,1,1,1
2435,2435,3,TRUE,1,1,1
2436,2436,6,TRUE,1,1,1
2437,2437,6,TRUE,1,1,1
2438,2438,4,TRUE,1,1,1
2439,2439,6,TRUE,1,1,1
2440,2440,4,TRUE,1,1,1
2441,2441,5,TRUE,1,1,1
2442,2442,6,TRUE,1,1,1
2443,2443,6,TRUE,1,1,1
2444,2444,5,TRUE,1,1,1
2445,2445,5,TRUE,1,1,1
2446,2446,6,TRUE,1,1,1
2447,2447,3,TRUE,1,1,1
2448,2448,5,TRUE,1,1,1
2449,2449,3,TRUE,1,1,1
2450,2450,3,TRUE,1,1,1
2451,2451,6,TRUE,1,1,1
2452,2452,3,TRUE,1,1,1
2453,2453,4,TRUE,1,1,1
2454,2454,6,TRUE,1,1,1
2455,2455,3,TRUE,1,1,1
2456,2456,5,TRUE,1,1,1
2457,2457,2,TRUE,1,1,1
2458,2458,3,TRUE,1,1,1
2459,2459,3,TRUE,1,1,1
2460,2460,6,TRUE,1,1,1
2461,2461,6,TRUE,1,1,1
2462,2462,6,TRUE,2,1,1
2463,2463,5,TRUE,1,1,1
2464,2464,6,TRUE,1,1,1
2465,2465,3,TRUE,1,1,1
2466,2466,6,TRUE,1,1,1
2467,2467,6,TRUE,1,1,1
2468,2468,6,TRUE,1,1,1
2469,2469,5,TRUE,1,1,1
2470,2470,6,TRUE,1,1,1
2471,2471,3,TRUE,1,1,1
2472,2472,3,TRUE,1,1,1
2473,2473,6,TRUE,1,1,1
2474,2474,5,TRUE,1,1,1
2475,2475,3,TRUE,1,1,1
2476,2476,3,TRUE,1,1,1
2477,2477,4,TRUE,1,1,1
2478,2478,6,TRUE,2,1,1
2479,2479,6,TRUE,1,1,1
2480,2480,3,TRUE,1,1,1
2481,2481,6,TRUE,1,1,1
2482,2482,5,TRUE,1,1,1
2483,2483,2,TRUE,1,1,1
2484,2484,4,TRUE,1,1,1
2485,2485,3,TRUE,1,1,1
2486,2486,5,TRUE,1,1,1
2487,2487,3,TRUE,1,1,1
2488,2488,6,TRUE,1,1,1
2489,2489,5,TRUE,1,1,1
2490,2490,4,TRUE,1,1,1
2491,2491,4,TRUE,1,1,1
2492,2492,2,TRUE,1,1,1
2493,2493,2,TRUE,1,1,1
2494,2494,2,TRUE,1,1,1
2495,2495,6,TRUE,1,1,1
2496,2496,3,TRUE,1,1,1
2497,2497,5,TRUE,1,1,1
2498,2498,6,TRUE,1,1,1
2499,2499,6,TRUE,1,1,1
2500,2500,5,TRUE,1,1,1
2501,2501,5,TRUE,1,1,1
2502,2502,2,TRUE,1,1,1
2503,2503,6,TRUE,1,1,1
2504,2504,4,TRUE,1,1,1
2505,2505,3,TRUE,1,1,1
2506,2506,2,TRUE,1,1,1
2507,2507,4,TRUE,1,1,1
2508,2508,6,TRUE,1,1,1
2509,2509,4,TRUE,1,1,1
2510,2510,3,TRUE,1,1,1
2511,2511,6,TRUE,1,1,1
2512,2512,5,TRUE,1,1,1
2513,2513,4,TRUE,1,1,1
2514,2514,4,TRUE,1,1,1
2515,2515,6,TRUE,1,1,1
2516,2516,3,TRUE,1,1,1
2517,2517,2,TRUE,1,1,1
2518,2518,5,TRUE,1,1,1
2519,2519,4,TRUE,1,1,1
2520,2520,4,TRUE,1,1,1
2521,2521,6,TRUE,2,1,1
2522,2522,4,TRUE,1,1,1
2523,2523,2,TRUE,1,1,1
2524,2524,4,TRUE,1,1,1
2525,2525,6,TRUE,1,1,1
2526,2526,5,TRUE,1,1,1
2527,2527,6,TRUE,1,1,1
2528,2528,6,TRUE,1,1,1
2529,2529,4,TRUE,1,1,1
2530,2530,2,TRUE,1,1,1
2531,2531,3,TRUE,1,1,1
2532,2532,2,TRUE,1,1,1
2533,2533,2,TRUE,1,1,1
2534,2534,3,TRUE,1,1,1
2535,2535,6,TRUE,1,1,1
2536,2536,5,TRUE,1,1,1
2537,2537,4,TRUE,1,1,1
2538,2538,4,TRUE,1,1,1
2539,2539,4,TRUE,2,1,1
2540,2540,6,TRUE,1,1,1
2541,2541,3,TRUE,1,1,1
2542,2542,6,TRUE,1,1,1
2543,2543,4,TRUE,1,1,1
2544,2544,2,TRUE,1,1,1
2545,2545,6,TRUE,1,1,1
2546,2546,3,TRUE,1,1,1
2547,2547,6,TRUE,1,1,1
2548,2548,2,TRUE,1,1,1
2549,2549,2,TRUE,1,1,1
2550,2550,3,TRUE,1,1,1
2551,2551,6,TRUE,1,1,1
2552,2552,3,TRUE,1,1,1
2553,2553,6,TRUE,1,1,1
2554,2554,4,TRUE,1,1,1
2555,2555,3,TRUE,1,1,1
2556,2556,5,TRUE,1,1,1
2557,2557,5,TRUE,1,1,1
2558,2558,2,TRUE,1,1,1
2559,2559,6,TRUE,1,1,1
2560,2560,6,TRUE,1,1,1
2561,2561,3,TRUE,1,1,1
2562,2562,6,TRUE,1,1,1
2563,2563,4,TRUE,1,1,1
2564,2564,5,TRUE,1,1,1
2565,2565,6,TRUE,1,1,1
2566,2566,4,TRUE,1,1,1
2567,2567,6,TRUE,2,1,1
2568,2568,5,TRUE,1,1,1
2569,2569,3,TRUE,1,1,1
2570,2570,6,TRUE,1,1,1
2571,2571,6,TRUE,1,1,1
2572,2572,4,TRUE,1,1,1
2573,2573,4,TRUE,1,1,1
2574,2574,3,TRUE,1,1,1
2575,2575,2,TRUE,1,1,1
2576,2576,5,TRUE,1,1,1
2577,2577,3,TRUE,1,1,1
2578,2578,3,TRUE,1,1,1
2579,2579,6,TRUE,1,1,1
2580,2580,5,TRUE,1,1,1
2581,2581,2,TRUE,1,1,1
2582,2582,4,TRUE,1,1,1
2583,2583,5,TRUE,1,1,1
2584,2584,3,TRUE,1,1,1
2585,2585,5,TRUE,1,1,1
2586,2586,3,TRUE,1,1,1
2587,2587,4,TRUE,1,1,1
2588,2588,5,TRUE,1,1,1
2589,2589,4,TRUE,1,1,1
2590,2590,2,TRUE,1,1,1
2591,2591,5,TRUE,1,1,1
2592,2592,2,TRUE,1,1,1
2593,2593,6,TRUE,1,1,1
2594,2594,2,TRUE,1,1,1
2595,2595,6,TRUE,1,1,1
2596,2596,2,TRUE,1,1,1
2597,2597,6,TRUE,1,1,1
2598,2598,2,TRUE,1,1,1
2599,2599,2,TRUE,1,1,1
2600,2600,6,TRUE,1,1,1
2601,2601,4,TRUE,1,1,1
2602,2602,4,TRUE,1,1,1
2603,2603,4,TRUE,1,1,1
2604,2604,6,TRUE,2,1,1
2605,2605,3,TRUE,1,1,1
2606,2606,4,TRUE,1,1,1
2607,2607,6,TRUE,1,1,1
2608,2608,6,TRUE,1,1,1
2609,2609,6,TRUE,1,1,1
2610,2610,3,TRUE,1,1,1
2611,2611,6,TRUE,1,1,1
2612,2612,5,TRUE,1,1,1
2613,2613,5,TRUE,1,1,1
2614,2614,2,TRUE,1,1,1
2615,2615,2,TRUE,1,1,1
2616,2616,6,TRUE,1,1,1
2617,2617,5,TRUE,1,1,1
2618,2618,4,TRUE,1,1,1
2619,2619,6,TRUE,1,1,1
2620,2620,4,TRUE,1,1,1
2621,2621,5,TRUE,1,1,1
2622,2622,5,TRUE,1,1,1
2623,2623,3,TRUE,1,1,1
2624,2624,5,TRUE,1,1,1
2625,2625,5,TRUE,1,1,1
2626,2626,5,TRUE,1,1,1
2627,2627,4,TRUE,1,1,1
2628,2628,2,TRUE,1,1,1
2629,2629,4,TRUE,1,1,1
2630,2630,5,TRUE,1,1,1
2631,2631,2,TRUE,1,1,1
2632,2632,6,TRUE,1,1,1
2633,2633,6,TRUE,1,1,1
2634,2634,3,TRUE,1,1,1
2635,2635,4,TRUE,1,1,1
2636,2636,4,TRUE,1,1,1
2637,2637,6,TRUE,1,1,1
2638,2638,4,TRUE,1,1,1
2639,2639,5,TRUE,1,1,1
2640,2640,4,TRUE,1,1,1
2641,2641,4,TRUE,1,1,1
2642,2642,6,TRUE,1,1,1
2643,2643,5,TRUE,1,1,1
2644,2644,2,TRUE,1,1,1
2645,2645,5,TRUE,1,1,1
2646,2646,3,TRUE,1,1,1
2647,2647,4,TRUE,1,1,1
2648,2648,3,TRUE,1,1,1
2649,2649,6,TRUE,1,1,1
2650,2650,2,TRUE,1,1,1
2651,2651,6,TRUE,1,1,1
2652,2652,6,TRUE,1,1,1
2653,2653,4,TRUE,1,1,1
2654,2654,2,TRUE,1,1,1
2655,2655,5,TRUE,1,1,1
2656,2656,6,TRUE,1,1,1
2657,2657,2,TRUE,1,1,1
2658,2658,6,TRUE,1,1,1
2659,2659,3,TRUE,1,1,1
2660,2660,5,TRUE,1,1,1
2661,2661,3,TRUE,1,1,1
2662,2662,2,TRUE,1,1,1
2663,2663,2,TRUE,1,1,1
2664,2664,6,TRUE,1,1,1
2665,2665,6,TRUE,1,1,1
2666,2666,5,TRUE,1,1,1
2667,2667,3,TRUE,1,1,1
2668,2668,3,TRUE,1,1,1
2669,2669,6,TRUE,1,1,1
2670,2670,6,TRUE,1,1,1
2671,2671,3,TRUE,1,1,1
2672,2672,5,TRUE,1,1,1
2673,2673,4,TRUE,1,1,1
2674,2674,5,TRUE,1,1,1
2675,2675,6,TRUE,1,1,1
2676,2676,6,TRUE,1,1,1
2677,2677,5,TRUE,1,1,1
2678,2678,4,TRUE,1,1,1
2679,2679,6,TRUE,1,1,1
2680,2680,3,TRUE,1,1,1
2681,2681,3,TRUE,1,1,1
2682,2682,6,TRUE,1,1,1
2683,2683,5,TRUE,1,1,1
2684,2684,5,TRUE,1,1,1
2685,2685,5,TRUE,1,1,1
2686,2686,3,TRUE,1,1,1
2687,2687,4,TRUE,1,1,1
2688,2688,6,TRUE,1,1,1
2689,2689,3,TRUE,1,1,1
2690,2690,4,TRUE,1,1,1
2691,2691,6,TRUE,1,1,1
2692,2692,2,TRUE,1,1,1
2693,2693,3,TRUE,1,1,1
2694,2694,5,TRUE,1,1,1
2695,2695,3,TRUE,1,1,1
2696,2696,3,TRUE,1,1,1
2697,2697,5,TRUE,1,1,1
2698,2698,4,TRUE,1,1,1
2699,2699,4,TRUE,2,1,1
2700,2700,6,TRUE,1,1,1
2701,2701,6,TRUE,1,1,1
2702,2702,5,TRUE,1,1,1
2703,2703,3,TRUE,1,1,1
2704,2704,5,TRUE,1,1,1
2705,2705,2,TRUE,1,1,1
2706,2706,4,TRUE,1,1,1
2707,2707,2,TRUE,1,1,1
2708,2708,6,TRUE,1,1,1
2709,2709,6,TRUE,1,1,1
2710,2710,3,TRUE,1,1,1
2711,2711,2,TRUE,1,1,1
2712,2712,3,TRUE,1,1,1
2713,2713,2,TRUE,1,1,1
2714,2714,2,TRUE,1,1,1
2715,2715,6,TRUE,1,1,1
2716,2716,6,TRUE,1,1,1
2717,2717,2,TRUE,1,1,1
2718,2718,4,TRUE,1,1,1
2719,2719,6,TRUE,1,1,1
2720,2720,6,TRUE,1,1,1
2721,2721,2,TRUE,1,1,1
2722,2722,4,TRUE,1,1,1
2723,2723,6,TRUE,1,1,1
2724,2724,6,TRUE,1,1,1
2725,2725,2,TRUE,1,1,1
2726,2726,5,TRUE,1,1,1
2727,2727,2,TRUE,1,1,1
2728,2728,6,TRUE,1,1,1
2729,2729,5,TRUE,1,1,1
2730,2730,6,TRUE,1,1,1
2731,2731,2,TRUE,1,1,1
2732,2732,3,TRUE,1,1,1
2733,2733,3,TRUE,1,1,1
2734,2734,6,TRUE,1,1,1
2735,2735,2,TRUE,1,1,1
2736,2736,2,TRUE,1,1,1
2737,2737,6,TRUE,1,1,1
2738,2738,6,TRUE,1,1,1
2739,2739,6,TRUE,1,1,1
2740,2740,6,TRUE,1,1,1
2741,2741,3,TRUE,1,1,1
2742,2742,5,TRUE,1,1,1
2743,2743,6,TRUE,1,1,1
2744,2744,4,TRUE,1,1,1
2745,2745,2,TRUE,1,1,1
2746,2746,3,TRUE,1,1,1
2747,2747,4,TRUE,1,1,1
2748,2748,4,TRUE,1,1,1
2749,2749,3,TRUE,1,1,1
2750,2750,3,TRUE,1,1,1
2751,2751,5,TRUE,1,1,1
2752,2752,2,TRUE,1,1,1
2753,2753,3,TRUE,1,1,1
2754,2754,5,TRUE,1,1,1
2755,2755,6,TRUE,1,1,1
2756,2756,3,TRUE,1,1,1
2757,2757,4,TRUE,1,1,1
2758,2758,6,TRUE,2,1,1
2759,2759,6,TRUE,1,1,1
2760,2760,5,TRUE,1,1,1
2761,2761,4,TRUE,1,1,1
2762,2762,2,TRUE,1,1,1
2763,2763,6,TRUE,1,1,1
2764,2764,5,TRUE,1,1,1
2765,2765,3,TRUE,1,1,1
2766,2766,2,TRUE,1,1,1
2767,2767,3,TRUE,1,1,1
2768,2768,6,TRUE,1,1,1
2769,2769,4,TRUE,1,1,1
2770,2770,4,TRUE,1,1,1
2771,2771,6,TRUE,1,1,1
2772,2772,3,TRUE,1,1,1
2773,2773,2,TRUE,1,1,1
2774,2774,2,TRUE,1,1,1
2775,2775,5,TRUE,1,1,1
2776,2776,5,TRUE,1,1,1
2777,2777,3,TRUE,1,1,1
2778,2778,6,TRUE,1,1,1
2779,2779,6,TRUE,1,1,1
2780,2780,6,TRUE,1,1,1
2781,2781,4,TRUE,1,1,1
2782,2782,6,TRUE,1,1,1
2783,2783,5,TRUE,1,1,1
2784,2784,4,TRUE,1,1,1
2785,2785,4,TRUE,1,1,1
2786,2786,2,TRUE,1,1,1
2787,2787,3,TRUE,1,1,1
2788,2788,3,TRUE,2,1,1
2789,2789,3,TRUE,1,1,1
2790,2790,5,TRUE,1,1,1
2791,2791,6,TRUE,1,1,1
2792,2792,5,TRUE,1,1,1
2793,2793,5,TRUE,1,1,1
2794,2794,2,TRUE,1,1,1
2795,2795,4,TRUE,1,1,1
2796,2796,5,TRUE,1,1,1
2797,2797,5,TRUE,1,1,1
2798,2798,6,TRUE,1,1,1
2799,2799,6,TRUE,1,1,1
2800,2800,6,TRUE,1,1,1
2801,2801,6,TRUE,3,1,1
2802,2802,2,TRUE,1,1,1
2803,2803,6,TRUE,1,1,1
2804,2804,5,TRUE,1,1,1
2805,2805,5,TRUE,1,1,1
2806,2806,2,TRUE,1,1,1
2807,2807,5,TRUE,1,1,1
2808,2808,3,TRUE,1,1,1
2809,2809,5,TRUE,1,1,1
2810,2810,5,TRUE,1,1,1
2811,2811,3,TRUE,1,1,1
2812,2812,5,TRUE,1,1,1
2813,2813,4,TRUE,1,1,1
2814,2814,6,TRUE,1,1,1
2815,2815,6,TRUE,1,1,1
2816,2816,3,TRUE,1,1,1
2817,2817,5,TRUE,1,1,1
2818,2818,5,TRUE,1,1,1
2819,2819,6,TRUE,1,1,1
2820,2820,6,TRUE,1,1,1
2821,2821,6,TRUE,1,1,1
2822,2822,6,TRUE,1,1,1
2823,2823,2,TRUE,1,1,1
2824,2824,4,TRUE,1,1,1
2825,2825,3,TRUE,1,1,1
2826,2826,4,TRUE,1,1,1
2827,2827,2,TRUE,1,1,1
2828,2828,6,TRUE,1,1,1
2829,2829,5,TRUE,1,1,1
2830,2830,6,TRUE,1,1,1
2831,2831,3,TRUE,1,1,1
2832,2832,2,TRUE,1,1,1
2833,2833,5,TRUE,1,1,1
2834,2834,4,TRUE,1,1,1
2835,2835,6,TRUE,1,1,1
2836,2836,6,TRUE,1,1,1
2837,2837,3,TRUE,1,1,1
2838,2838,3,TRUE,1,1,1
2839,2839,5,TRUE,2,1,1
2840,2840,2,TRUE,1,1,1
2841,2841,2,TRUE,1,1,1
2842,2842,5,TRUE,1,1,1
2843,2843,6,TRUE,1,1,1
2844,2844,6,TRUE,1,1,1
2845,2845,3,TRUE,1,1,1
2846,2846,6,TRUE,1,1,1
2847,2847,5,TRUE,1,1,1
2848,2848,2,TRUE,1,1,1
2849,2849,2,TRUE,1,1,1
2850,2850,2,TRUE,1,1,1
2851,2851,5,TRUE,1,1,1
2852,2852,6,TRUE,1,1,1
2853,2853,3,TRUE,1,1,1
2854,2854,4,TRUE,1,1,1
2855,2855,6,TRUE,1,1,1
2856,2856,4,TRUE,1,1,1
2857,2857,2,TRUE,1,1,1
2858,2858,3,TRUE,1,1,1
2859,2859,3,TRUE,1,1,1
2860,2860,5,TRUE,1,1,1
2861,2861,5,TRUE,1,1,1
2862,2862,6,TRUE,1,1,1
2863,2863,2,TRUE,1,1,1
2864,2864,6,TRUE,1,1,1
2865,2865,5,TRUE,1,1,1
2866,2866,3,TRUE,1,1,1
2867,2867,4,TRUE,1,1,1
2868,2868,5,TRUE,1,1,1
2869,2869,2,TRUE,1,1,1
2870,2870,3,TRUE,1,1,1
2871,2871,2,TRUE,1,1,1
2872,2872,5,TRUE,1,1,1
2873,2873,6,TRUE,1,1,1
2874,2874,2,TRUE,1,1,1
2875,2875,3,TRUE,1,1,1
2876,2876,6,TRUE,1,1,1
2877,2877,6,TRUE,1,1,1
2878,2878,6,TRUE,1,1,1
2879,2879,2,TRUE,1,1,1
2880,2880,6,TRUE,1,1,1
